{
"meta":{"test_sets":[],"test_metrics":[],"learn_metrics":[{"best_value":"Min","name":"RMSE"}],"launch_mode":"Train","parameters":"","iteration_count":1000,"learn_sets":["learn"],"name":"experiment"},
"iterations":[
{"learn":[918.2767536],"iteration":0,"passed_time":0.002175318887,"remaining_time":2.173143568},
{"learn":[860.0196217],"iteration":1,"passed_time":0.003609976026,"remaining_time":1.801378037},
{"learn":[806.3921326],"iteration":2,"passed_time":0.005122299315,"remaining_time":1.702310806},
{"learn":[757.3162141],"iteration":3,"passed_time":0.006410957424,"remaining_time":1.596328399},
{"learn":[712.4315939],"iteration":4,"passed_time":0.007796906553,"remaining_time":1.551584404},
{"learn":[671.5174572],"iteration":5,"passed_time":0.009423229085,"remaining_time":1.561114952},
{"learn":[634.2309724],"iteration":6,"passed_time":0.0106050129,"remaining_time":1.50439683},
{"learn":[600.1042765],"iteration":7,"passed_time":0.01221196057,"remaining_time":1.51428311},
{"learn":[569.1819257],"iteration":8,"passed_time":0.0141839058,"remaining_time":1.561805628},
{"learn":[540.9402552],"iteration":9,"passed_time":0.01613805949,"remaining_time":1.59766789},
{"learn":[515.6222181],"iteration":10,"passed_time":0.01800113045,"remaining_time":1.618465274},
{"learn":[492.8564389],"iteration":11,"passed_time":0.01936324641,"remaining_time":1.594240621},
{"learn":[472.3694008],"iteration":12,"passed_time":0.02064140458,"remaining_time":1.567158948},
{"learn":[453.8256778],"iteration":13,"passed_time":0.02201189548,"remaining_time":1.550266353},
{"learn":[437.2646448],"iteration":14,"passed_time":0.02336851147,"remaining_time":1.534532253},
{"learn":[422.7000323],"iteration":15,"passed_time":0.02434238,"remaining_time":1.49705637},
{"learn":[409.1822548],"iteration":16,"passed_time":0.02583378677,"remaining_time":1.493800729},
{"learn":[397.5148012],"iteration":17,"passed_time":0.02732094356,"remaining_time":1.490509254},
{"learn":[387.3653982],"iteration":18,"passed_time":0.02858989346,"remaining_time":1.476141341},
{"learn":[378.271671],"iteration":19,"passed_time":0.03020767439,"remaining_time":1.480176045},
{"learn":[370.2610241],"iteration":20,"passed_time":0.03177220566,"remaining_time":1.481189969},
{"learn":[363.3544432],"iteration":21,"passed_time":0.03305053051,"remaining_time":1.469246311},
{"learn":[357.1603468],"iteration":22,"passed_time":0.03448097934,"remaining_time":1.464692035},
{"learn":[351.2348195],"iteration":23,"passed_time":0.03600401089,"remaining_time":1.46416311},
{"learn":[346.3855507],"iteration":24,"passed_time":0.03745612625,"remaining_time":1.460788924},
{"learn":[341.7658734],"iteration":25,"passed_time":0.03906569889,"remaining_time":1.463461182},
{"learn":[337.8131576],"iteration":26,"passed_time":0.04065877165,"remaining_time":1.46522166},
{"learn":[334.2902112],"iteration":27,"passed_time":0.04234055214,"remaining_time":1.469822024},
{"learn":[331.3902598],"iteration":28,"passed_time":0.04393016659,"remaining_time":1.470903164},
{"learn":[328.9074382],"iteration":29,"passed_time":0.04560782211,"remaining_time":1.474652915},
{"learn":[326.4408834],"iteration":30,"passed_time":0.0471651451,"remaining_time":1.474291149},
{"learn":[324.3167469],"iteration":31,"passed_time":0.04868042671,"remaining_time":1.472582908},
{"learn":[322.6285844],"iteration":32,"passed_time":0.05024866629,"remaining_time":1.472438191},
{"learn":[321.4613771],"iteration":33,"passed_time":0.05179469769,"remaining_time":1.471578764},
{"learn":[320.166491],"iteration":34,"passed_time":0.0532391881,"remaining_time":1.467880472},
{"learn":[318.7330197],"iteration":35,"passed_time":0.05484188579,"remaining_time":1.46854383},
{"learn":[317.4761074],"iteration":36,"passed_time":0.05638150056,"remaining_time":1.467442839},
{"learn":[316.3420809],"iteration":37,"passed_time":0.05783507424,"remaining_time":1.464140564},
{"learn":[315.2326927],"iteration":38,"passed_time":0.05948981325,"remaining_time":1.465890014},
{"learn":[314.4847709],"iteration":39,"passed_time":0.06092909536,"remaining_time":1.462298289},
{"learn":[313.6824096],"iteration":40,"passed_time":0.06261800081,"remaining_time":1.464650312},
{"learn":[312.8628765],"iteration":41,"passed_time":0.06416311555,"remaining_time":1.463530112},
{"learn":[312.2765567],"iteration":42,"passed_time":0.06531119126,"remaining_time":1.453553722},
{"learn":[311.5615306],"iteration":43,"passed_time":0.06650276668,"remaining_time":1.444923749},
{"learn":[310.8775702],"iteration":44,"passed_time":0.0678000914,"remaining_time":1.438868606},
{"learn":[310.3592524],"iteration":45,"passed_time":0.06934391448,"remaining_time":1.438132487},
{"learn":[309.8286352],"iteration":46,"passed_time":0.07078282159,"remaining_time":1.435234659},
{"learn":[309.3995467],"iteration":47,"passed_time":0.07230572814,"remaining_time":1.434063608},
{"learn":[308.9487145],"iteration":48,"passed_time":0.073731927,"remaining_time":1.431001277},
{"learn":[308.2563485],"iteration":49,"passed_time":0.0752334587,"remaining_time":1.429435715},
{"learn":[307.7787145],"iteration":50,"passed_time":0.07675036529,"remaining_time":1.428158758},
{"learn":[307.6364948],"iteration":51,"passed_time":0.07805956493,"remaining_time":1.423085914},
{"learn":[307.1403183],"iteration":52,"passed_time":0.07991421928,"remaining_time":1.427901239},
{"learn":[306.768693],"iteration":53,"passed_time":0.08143487584,"remaining_time":1.426618381},
{"learn":[306.4214839],"iteration":54,"passed_time":0.08289824113,"remaining_time":1.424342507},
{"learn":[306.0338933],"iteration":55,"passed_time":0.08430327346,"remaining_time":1.421112324},
{"learn":[305.6553658],"iteration":56,"passed_time":0.08647088407,"remaining_time":1.43056217},
{"learn":[305.3344817],"iteration":57,"passed_time":0.08809028998,"remaining_time":1.430707813},
{"learn":[305.0888339],"iteration":58,"passed_time":0.08955523858,"remaining_time":1.428330161},
{"learn":[304.5922865],"iteration":59,"passed_time":0.09130272698,"remaining_time":1.430409389},
{"learn":[304.3743515],"iteration":60,"passed_time":0.09287713319,"remaining_time":1.429698821},
{"learn":[303.9850354],"iteration":61,"passed_time":0.09459078847,"remaining_time":1.43106709},
{"learn":[303.6648912],"iteration":62,"passed_time":0.09618844453,"remaining_time":1.430612262},
{"learn":[303.4039265],"iteration":63,"passed_time":0.09771589272,"remaining_time":1.429094931},
{"learn":[303.1395273],"iteration":64,"passed_time":0.0993455069,"remaining_time":1.429046907},
{"learn":[302.7105374],"iteration":65,"passed_time":0.1009072882,"remaining_time":1.427991018},
{"learn":[302.3424733],"iteration":66,"passed_time":0.1023919867,"remaining_time":1.42584662},
{"learn":[302.0629738],"iteration":67,"passed_time":0.1037807274,"remaining_time":1.422406441},
{"learn":[301.8107029],"iteration":68,"passed_time":0.1054503414,"remaining_time":1.422815475},
{"learn":[301.5494852],"iteration":69,"passed_time":0.1068456654,"remaining_time":1.419520983},
{"learn":[301.3522825],"iteration":70,"passed_time":0.1084729046,"remaining_time":1.419314484},
{"learn":[301.0632598],"iteration":71,"passed_time":0.1102628511,"remaining_time":1.421165636},
{"learn":[300.9178586],"iteration":72,"passed_time":0.1119459232,"remaining_time":1.421559874},
{"learn":[300.753793],"iteration":73,"passed_time":0.113480788,"remaining_time":1.420043374},
{"learn":[300.4765814],"iteration":74,"passed_time":0.1150128195,"remaining_time":1.418491441},
{"learn":[300.2644821],"iteration":75,"passed_time":0.116646392,"remaining_time":1.418174555},
{"learn":[300.131308],"iteration":76,"passed_time":0.1180724659,"remaining_time":1.415336182},
{"learn":[299.9487483],"iteration":77,"passed_time":0.1196719969,"remaining_time":1.414584374},
{"learn":[299.6515518],"iteration":78,"passed_time":0.1212393198,"remaining_time":1.413435615},
{"learn":[299.3460353],"iteration":79,"passed_time":0.1228551008,"remaining_time":1.412833659},
{"learn":[299.2146283],"iteration":80,"passed_time":0.1245803393,"remaining_time":1.413448541},
{"learn":[298.9866404],"iteration":81,"passed_time":0.1260588712,"remaining_time":1.411244436},
{"learn":[298.7606468],"iteration":82,"passed_time":0.1276556522,"remaining_time":1.410364254},
{"learn":[298.5537065],"iteration":83,"passed_time":0.1293044329,"remaining_time":1.410034054},
{"learn":[298.3193593],"iteration":84,"passed_time":0.1307369651,"remaining_time":1.407344977},
{"learn":[298.174618],"iteration":85,"passed_time":0.1324239956,"remaining_time":1.407389906},
{"learn":[297.7967618],"iteration":86,"passed_time":0.1343630243,"remaining_time":1.410039554},
{"learn":[297.5985842],"iteration":87,"passed_time":0.135817348,"remaining_time":1.407561607},
{"learn":[297.3194531],"iteration":88,"passed_time":0.1375542115,"remaining_time":1.407998726},
{"learn":[297.1800737],"iteration":89,"passed_time":0.1390404933,"remaining_time":1.405853876},
{"learn":[297.0019888],"iteration":90,"passed_time":0.1405784414,"remaining_time":1.404239596},
{"learn":[296.7656107],"iteration":91,"passed_time":0.1421240145,"remaining_time":1.40270223},
{"learn":[296.4893655],"iteration":92,"passed_time":0.1439476274,"remaining_time":1.403876323},
{"learn":[296.3535475],"iteration":93,"passed_time":0.1454327425,"remaining_time":1.401724093},
{"learn":[296.1534454],"iteration":94,"passed_time":0.1468823162,"remaining_time":1.399247328},
{"learn":[295.9181745],"iteration":95,"passed_time":0.1484912222,"remaining_time":1.398292342},
{"learn":[295.7458745],"iteration":96,"passed_time":0.150018837,"remaining_time":1.396567112},
{"learn":[295.4454594],"iteration":97,"passed_time":0.1515924516,"remaining_time":1.395269299},
{"learn":[295.2278347],"iteration":98,"passed_time":0.1532979819,"remaining_time":1.395166482},
{"learn":[295.0471384],"iteration":99,"passed_time":0.1547282641,"remaining_time":1.392554377},
{"learn":[294.8018012],"iteration":100,"passed_time":0.1562448374,"remaining_time":1.39073375},
{"learn":[294.7112387],"iteration":101,"passed_time":0.1578149519,"remaining_time":1.389390459},
{"learn":[294.5876963],"iteration":102,"passed_time":0.1592799005,"remaining_time":1.387126901},
{"learn":[294.4319764],"iteration":103,"passed_time":0.1608720566,"remaining_time":1.385974642},
{"learn":[294.3118685],"iteration":104,"passed_time":0.1624147547,"remaining_time":1.384392433},
{"learn":[294.108302],"iteration":105,"passed_time":0.1639476612,"remaining_time":1.382728388},
{"learn":[293.98217],"iteration":106,"passed_time":0.1654690261,"remaining_time":1.38097047},
{"learn":[293.659732],"iteration":107,"passed_time":0.1669115165,"remaining_time":1.378565488},
{"learn":[293.4812373],"iteration":108,"passed_time":0.1685115059,"remaining_time":1.377465612},
{"learn":[293.3500672],"iteration":109,"passed_time":0.170048454,"remaining_time":1.375846582},
{"learn":[293.1566815],"iteration":110,"passed_time":0.1715366525,"remaining_time":1.373838595},
{"learn":[292.9932564],"iteration":111,"passed_time":0.1732289329,"remaining_time":1.373457968},
{"learn":[292.7013034],"iteration":112,"passed_time":0.1748787136,"remaining_time":1.372720522},
{"learn":[292.4137305],"iteration":113,"passed_time":0.1766479935,"remaining_time":1.372895809},
{"learn":[292.3216911],"iteration":114,"passed_time":0.1783684404,"remaining_time":1.372661476},
{"learn":[292.1523388],"iteration":115,"passed_time":0.1800199711,"remaining_time":1.371876332},
{"learn":[292.0335968],"iteration":116,"passed_time":0.1814229201,"remaining_time":1.369200329},
{"learn":[291.8661268],"iteration":117,"passed_time":0.1829464934,"remaining_time":1.367447518},
{"learn":[291.6955299],"iteration":118,"passed_time":0.1846826068,"remaining_time":1.367272072},
{"learn":[291.5483796],"iteration":119,"passed_time":0.1861998051,"remaining_time":1.365465237},
{"learn":[291.3686874],"iteration":120,"passed_time":0.1877590031,"remaining_time":1.363968295},
{"learn":[291.3126606],"iteration":121,"passed_time":0.1888751206,"remaining_time":1.359281606},
{"learn":[291.2122602],"iteration":122,"passed_time":0.1904496519,"remaining_time":1.357921501},
{"learn":[291.0355511],"iteration":123,"passed_time":0.1920686411,"remaining_time":1.356872013},
{"learn":[290.8605592],"iteration":124,"passed_time":0.1938513376,"remaining_time":1.356959363},
{"learn":[290.7879349],"iteration":125,"passed_time":0.1952786198,"remaining_time":1.354551696},
{"learn":[290.5105306],"iteration":126,"passed_time":0.1967565266,"remaining_time":1.352507463},
{"learn":[290.3399135],"iteration":127,"passed_time":0.1983724326,"remaining_time":1.351412197},
{"learn":[290.2398246],"iteration":128,"passed_time":0.1996990071,"remaining_time":1.348355312},
{"learn":[290.0934784],"iteration":129,"passed_time":0.2012460385,"remaining_time":1.346800411},
{"learn":[289.8441545],"iteration":130,"passed_time":0.2027595284,"remaining_time":1.345023131},
{"learn":[289.6877117],"iteration":131,"passed_time":0.2044076008,"remaining_time":1.34413483},
{"learn":[289.5553374],"iteration":132,"passed_time":0.2058207581,"remaining_time":1.341703739},
{"learn":[289.3399314],"iteration":133,"passed_time":0.2073620812,"remaining_time":1.340116137},
{"learn":[289.1755899],"iteration":134,"passed_time":0.2089286958,"remaining_time":1.338691273},
{"learn":[289.030395],"iteration":135,"passed_time":0.2105903931,"remaining_time":1.33786838},
{"learn":[288.9229524],"iteration":136,"passed_time":0.2123460481,"remaining_time":1.337625106},
{"learn":[288.7753332],"iteration":137,"passed_time":0.2138058301,"remaining_time":1.335511779},
{"learn":[288.6323619],"iteration":138,"passed_time":0.2154550691,"remaining_time":1.334581399},
{"learn":[288.4960784],"iteration":139,"passed_time":0.2170638084,"remaining_time":1.333391966},
{"learn":[288.4471721],"iteration":140,"passed_time":0.2184625492,"remaining_time":1.330917232},
{"learn":[288.2500456],"iteration":141,"passed_time":0.2202185375,"remaining_time":1.330616234},
{"learn":[288.1081195],"iteration":142,"passed_time":0.2217697355,"remaining_time":1.329067576},
{"learn":[287.9438808],"iteration":143,"passed_time":0.2233158086,"remaining_time":1.327488418},
{"learn":[287.7500909],"iteration":144,"passed_time":0.2247180909,"remaining_time":1.325061847},
{"learn":[287.6110237],"iteration":145,"passed_time":0.2263879132,"remaining_time":1.324214232},
{"learn":[287.5111762],"iteration":146,"passed_time":0.2278936115,"remaining_time":1.322403065},
{"learn":[287.3511039],"iteration":147,"passed_time":0.2295038508,"remaining_time":1.321197844},
{"learn":[287.1322824],"iteration":148,"passed_time":0.2311064235,"remaining_time":1.319943399},
{"learn":[286.9837521],"iteration":149,"passed_time":0.2325522472,"remaining_time":1.317796068},
{"learn":[286.8634738],"iteration":150,"passed_time":0.2341249035,"remaining_time":1.316371146},
{"learn":[286.7641508],"iteration":151,"passed_time":0.2356577266,"remaining_time":1.314722054},
{"learn":[286.6438522],"iteration":152,"passed_time":0.2371784249,"remaining_time":1.313007359},
{"learn":[286.5265664],"iteration":153,"passed_time":0.2386217903,"remaining_time":1.310870354},
{"learn":[286.4426679],"iteration":154,"passed_time":0.2400431558,"remaining_time":1.308622366},
{"learn":[286.2643646],"iteration":155,"passed_time":0.2415733123,"remaining_time":1.306973562},
{"learn":[286.195949],"iteration":156,"passed_time":0.2429983862,"remaining_time":1.304762035},
{"learn":[286.0736839],"iteration":157,"passed_time":0.2445617508,"remaining_time":1.303297432},
{"learn":[285.9497649],"iteration":158,"passed_time":0.246185115,"remaining_time":1.302148942},
{"learn":[285.8227939],"iteration":159,"passed_time":0.2477625629,"remaining_time":1.300753455},
{"learn":[285.6469224],"iteration":160,"passed_time":0.2493700939,"remaining_time":1.299512477},
{"learn":[285.5475982],"iteration":161,"passed_time":0.2507926678,"remaining_time":1.29731022},
{"learn":[285.3837976],"iteration":162,"passed_time":0.2523065327,"remaining_time":1.295586306},
{"learn":[285.2592936],"iteration":163,"passed_time":0.2538483975,"remaining_time":1.294007685},
{"learn":[285.1060512],"iteration":164,"passed_time":0.2555144698,"remaining_time":1.293058074},
{"learn":[284.8656281],"iteration":165,"passed_time":0.2570226681,"remaining_time":1.291306658},
{"learn":[284.7180945],"iteration":166,"passed_time":0.2586007826,"remaining_time":1.289906898},
{"learn":[284.6178647],"iteration":167,"passed_time":0.2601801888,"remaining_time":1.288511411},
{"learn":[284.3833465],"iteration":168,"passed_time":0.261758345,"remaining_time":1.287107602},
{"learn":[284.317535],"iteration":169,"passed_time":0.2632419601,"remaining_time":1.285240158},
{"learn":[284.2520477],"iteration":170,"passed_time":0.2647042837,"remaining_time":1.283273984},
{"learn":[284.1941978],"iteration":171,"passed_time":0.2662016488,"remaining_time":1.281482356},
{"learn":[283.9623569],"iteration":172,"passed_time":0.2677511385,"remaining_time":1.279943304},
{"learn":[283.8505975],"iteration":173,"passed_time":0.2692419203,"remaining_time":1.278125438},
{"learn":[283.6683903],"iteration":174,"passed_time":0.2708185348,"remaining_time":1.27671595},
{"learn":[283.5605178],"iteration":175,"passed_time":0.2722880667,"remaining_time":1.274803221},
{"learn":[283.4795767],"iteration":176,"passed_time":0.2738259315,"remaining_time":1.273213229},
{"learn":[283.4332086],"iteration":177,"passed_time":0.2755431284,"remaining_time":1.272451975},
{"learn":[283.326137],"iteration":178,"passed_time":0.2773715329,"remaining_time":1.272190104},
{"learn":[283.1284485],"iteration":179,"passed_time":0.2789346059,"remaining_time":1.270702093},
{"learn":[283.0326851],"iteration":180,"passed_time":0.2806161364,"remaining_time":1.269749258},
{"learn":[282.8830667],"iteration":181,"passed_time":0.2821393346,"remaining_time":1.26807679},
{"learn":[282.7789064],"iteration":182,"passed_time":0.2836561995,"remaining_time":1.266377678},
{"learn":[282.6801002],"iteration":183,"passed_time":0.2851103149,"remaining_time":1.264402266},
{"learn":[282.5531384],"iteration":184,"passed_time":0.2867176792,"remaining_time":1.263107614},
{"learn":[282.4566897],"iteration":185,"passed_time":0.2881783778,"remaining_time":1.26116774},
{"learn":[282.360822],"iteration":186,"passed_time":0.2896797845,"remaining_time":1.259409972},
{"learn":[282.2464892],"iteration":187,"passed_time":0.2912588574,"remaining_time":1.257990384},
{"learn":[282.1376488],"iteration":188,"passed_time":0.2928732216,"remaining_time":1.256720544},
{"learn":[282.0367827],"iteration":189,"passed_time":0.294232796,"remaining_time":1.254360867},
{"learn":[281.8365522],"iteration":190,"passed_time":0.2958056605,"remaining_time":1.252915075},
{"learn":[281.7130604],"iteration":191,"passed_time":0.2976392317,"remaining_time":1.2525651},
{"learn":[281.5615816],"iteration":192,"passed_time":0.29914868,"remaining_time":1.250844481},
{"learn":[281.4431673],"iteration":193,"passed_time":0.3006885031,"remaining_time":1.249252234},
{"learn":[281.3813198],"iteration":194,"passed_time":0.3022410761,"remaining_time":1.24771316},
{"learn":[281.2113609],"iteration":195,"passed_time":0.3037568994,"remaining_time":1.246023199},
{"learn":[281.0923667],"iteration":196,"passed_time":0.3053158473,"remaining_time":1.244510789},
{"learn":[281.0247913],"iteration":197,"passed_time":0.3067086298,"remaining_time":1.242324854},
{"learn":[280.9051413],"iteration":198,"passed_time":0.3083360356,"remaining_time":1.241091279},
{"learn":[280.819367],"iteration":199,"passed_time":0.3098256924,"remaining_time":1.23930277},
{"learn":[280.6573643],"iteration":200,"passed_time":0.3114538483,"remaining_time":1.238067785},
{"learn":[280.5499419],"iteration":201,"passed_time":0.3129970047,"remaining_time":1.236493117},
{"learn":[280.436615],"iteration":202,"passed_time":0.3145724109,"remaining_time":1.235045377},
{"learn":[280.3879663],"iteration":203,"passed_time":0.3161277755,"remaining_time":1.233518183},
{"learn":[280.2847621],"iteration":204,"passed_time":0.3176492654,"remaining_time":1.231859346},
{"learn":[280.23267],"iteration":205,"passed_time":0.3190825059,"remaining_time":1.229861698},
{"learn":[280.131556],"iteration":206,"passed_time":0.3206108708,"remaining_time":1.228233916},
{"learn":[280.0758501],"iteration":207,"passed_time":0.3220078198,"remaining_time":1.226106699},
{"learn":[280.0376652],"iteration":208,"passed_time":0.3235434763,"remaining_time":1.224511434},
{"learn":[279.9692777],"iteration":209,"passed_time":0.3250067999,"remaining_time":1.222644628},
{"learn":[279.9302712],"iteration":210,"passed_time":0.3265824144,"remaining_time":1.22120154},
{"learn":[279.7553795],"iteration":211,"passed_time":0.328100446,"remaining_time":1.219543167},
{"learn":[279.6578277],"iteration":212,"passed_time":0.3294222706,"remaining_time":1.217161159},
{"learn":[279.5325403],"iteration":213,"passed_time":0.3308494694,"remaining_time":1.215176089},
{"learn":[279.4580605],"iteration":214,"passed_time":0.332226377,"remaining_time":1.213012586},
{"learn":[279.3682908],"iteration":215,"passed_time":0.3339083658,"remaining_time":1.211963698},
{"learn":[279.2665531],"iteration":216,"passed_time":0.3354015642,"remaining_time":1.210227764},
{"learn":[279.1373094],"iteration":217,"passed_time":0.3370100535,"remaining_time":1.208907623},
{"learn":[279.105377],"iteration":218,"passed_time":0.3384252108,"remaining_time":1.206895386},
{"learn":[278.9893024],"iteration":219,"passed_time":0.3400872414,"remaining_time":1.205763856},
{"learn":[278.9084933],"iteration":220,"passed_time":0.3416192729,"remaining_time":1.204169292},
{"learn":[278.8189994],"iteration":221,"passed_time":0.3439256326,"remaining_time":1.205288929},
{"learn":[278.7313285],"iteration":222,"passed_time":0.3454882056,"remaining_time":1.203786259},
{"learn":[278.6422198],"iteration":223,"passed_time":0.3471894026,"remaining_time":1.202763288},
{"learn":[278.5574655],"iteration":224,"passed_time":0.3486822677,"remaining_time":1.2010167},
{"learn":[278.426391],"iteration":225,"passed_time":0.3503812147,"remaining_time":1.199978142},
{"learn":[278.3135619],"iteration":226,"passed_time":0.3519508293,"remaining_time":1.198493353},
{"learn":[278.1789674],"iteration":227,"passed_time":0.353447111,"remaining_time":1.196759516},
{"learn":[278.0815117],"iteration":228,"passed_time":0.3550196839,"remaining_time":1.195284613},
{"learn":[278.0277962],"iteration":229,"passed_time":0.3564546327,"remaining_time":1.193348118},
{"learn":[277.9108971],"iteration":230,"passed_time":0.358076747,"remaining_time":1.192039041},
{"learn":[277.8689157],"iteration":231,"passed_time":0.3595345289,"remaining_time":1.190183268},
{"learn":[277.7707308],"iteration":232,"passed_time":0.3611313933,"remaining_time":1.18878875},
{"learn":[277.681505],"iteration":233,"passed_time":0.3627224661,"remaining_time":1.187373543},
{"learn":[277.5500121],"iteration":234,"passed_time":0.3642503726,"remaining_time":1.185751213},
{"learn":[277.4488661],"iteration":235,"passed_time":0.3658129456,"remaining_time":1.184241909},
{"learn":[277.3614859],"iteration":236,"passed_time":0.3672438527,"remaining_time":1.182308269},
{"learn":[277.3353414],"iteration":237,"passed_time":0.3687935924,"remaining_time":1.180759317},
{"learn":[277.2277008],"iteration":238,"passed_time":0.3704537898,"remaining_time":1.179562067},
{"learn":[277.1865547],"iteration":239,"passed_time":0.3718801553,"remaining_time":1.177620492},
{"learn":[277.0820236],"iteration":240,"passed_time":0.3733051042,"remaining_time":1.175678731},
{"learn":[277.0354296],"iteration":241,"passed_time":0.374787261,"remaining_time":1.173920429},
{"learn":[276.9308901],"iteration":242,"passed_time":0.376538166,"remaining_time":1.173001612},
{"learn":[276.8565765],"iteration":243,"passed_time":0.3779803231,"remaining_time":1.171119362},
{"learn":[276.7710671],"iteration":244,"passed_time":0.3794848964,"remaining_time":1.169433048},
{"learn":[276.7017849],"iteration":245,"passed_time":0.3809274702,"remaining_time":1.167558181},
{"learn":[276.5852612],"iteration":246,"passed_time":0.3824995848,"remaining_time":1.16608173},
{"learn":[276.5283962],"iteration":247,"passed_time":0.3839095754,"remaining_time":1.164112906},
{"learn":[276.4330114],"iteration":248,"passed_time":0.3855810226,"remaining_time":1.162937141},
{"learn":[276.3523736],"iteration":249,"passed_time":0.3871512205,"remaining_time":1.161453662},
{"learn":[276.2333069],"iteration":250,"passed_time":0.3886439606,"remaining_time":1.159738353},
{"learn":[276.1167239],"iteration":251,"passed_time":0.3901978253,"remaining_time":1.158206243},
{"learn":[276.0664865],"iteration":252,"passed_time":0.3917862731,"remaining_time":1.156776071},
{"learn":[275.9793172],"iteration":253,"passed_time":0.3935220116,"remaining_time":1.155777247},
{"learn":[275.8471194],"iteration":254,"passed_time":0.3951468341,"remaining_time":1.154448594},
{"learn":[275.7185441],"iteration":255,"passed_time":0.3967288653,"remaining_time":1.152993265},
{"learn":[275.6442757],"iteration":256,"passed_time":0.3983520211,"remaining_time":1.151655843},
{"learn":[275.5540171],"iteration":257,"passed_time":0.3999023025,"remaining_time":1.150106622},
{"learn":[275.5231679],"iteration":258,"passed_time":0.4014800837,"remaining_time":1.14863607},
{"learn":[275.4393419],"iteration":259,"passed_time":0.4029839071,"remaining_time":1.146954197},
{"learn":[275.4131908],"iteration":260,"passed_time":0.4043685229,"remaining_time":1.144936162},
{"learn":[275.2921599],"iteration":261,"passed_time":0.40605547,"remaining_time":1.143774568},
{"learn":[275.1065922],"iteration":262,"passed_time":0.407458419,"remaining_time":1.141813136},
{"learn":[274.9954318],"iteration":263,"passed_time":0.4092281572,"remaining_time":1.140878499},
{"learn":[274.9582339],"iteration":264,"passed_time":0.4108637297,"remaining_time":1.139565439},
{"learn":[274.8940135],"iteration":265,"passed_time":0.4124738857,"remaining_time":1.13817982},
{"learn":[274.8148287],"iteration":266,"passed_time":0.4140307087,"remaining_time":1.136646103},
{"learn":[274.7872874],"iteration":267,"passed_time":0.4156011149,"remaining_time":1.135149314},
{"learn":[274.7640607],"iteration":268,"passed_time":0.4172270208,"remaining_time":1.133802796},
{"learn":[274.6712283],"iteration":269,"passed_time":0.4187614689,"remaining_time":1.132206935},
{"learn":[274.5788123],"iteration":270,"passed_time":0.4203227919,"remaining_time":1.13068382},
{"learn":[274.4992541],"iteration":271,"passed_time":0.4219950308,"remaining_time":1.129457288},
{"learn":[274.4283435],"iteration":272,"passed_time":0.4234405212,"remaining_time":1.127623659},
{"learn":[274.3419315],"iteration":273,"passed_time":0.4253415919,"remaining_time":1.126999984},
{"learn":[274.2385158],"iteration":274,"passed_time":0.4271206218,"remaining_time":1.126045276},
{"learn":[274.16986],"iteration":275,"passed_time":0.4287541109,"remaining_time":1.124702813},
{"learn":[274.0571771],"iteration":276,"passed_time":0.4306162235,"remaining_time":1.123954981},
{"learn":[274.0378816],"iteration":277,"passed_time":0.43215088,"remaining_time":1.122348688},
{"learn":[273.9372521],"iteration":278,"passed_time":0.4336815365,"remaining_time":1.120732573},
{"learn":[273.836646],"iteration":279,"passed_time":0.4351934431,"remaining_time":1.119068854},
{"learn":[273.7881679],"iteration":280,"passed_time":0.4365681423,"remaining_time":1.11705514},
{"learn":[273.7145975],"iteration":281,"passed_time":0.4381052988,"remaining_time":1.115459591},
{"learn":[273.6118554],"iteration":282,"passed_time":0.4395444976,"remaining_time":1.113616271},
{"learn":[273.5153275],"iteration":283,"passed_time":0.4414339017,"remaining_time":1.112910823},
{"learn":[273.4180779],"iteration":284,"passed_time":0.4429057253,"remaining_time":1.111149451},
{"learn":[273.3363524],"iteration":285,"passed_time":0.4446127139,"remaining_time":1.109977195},
{"learn":[273.2793171],"iteration":286,"passed_time":0.4461372038,"remaining_time":1.108347827},
{"learn":[273.2065148],"iteration":287,"passed_time":0.4477913178,"remaining_time":1.107039647},
{"learn":[273.1431468],"iteration":288,"passed_time":0.4493520991,"remaining_time":1.105499455},
{"learn":[273.0797961],"iteration":289,"passed_time":0.4510096298,"remaining_time":1.10419599},
{"learn":[273.0596973],"iteration":290,"passed_time":0.4525600778,"remaining_time":1.102629193},
{"learn":[272.9927151],"iteration":291,"passed_time":0.4541722754,"remaining_time":1.101212229},
{"learn":[272.9034389],"iteration":292,"passed_time":0.4556797654,"remaining_time":1.099541277},
{"learn":[272.8270558],"iteration":293,"passed_time":0.4571848388,"remaining_time":1.097865633},
{"learn":[272.7434098],"iteration":294,"passed_time":0.4588408278,"remaining_time":1.096551809},
{"learn":[272.665421],"iteration":295,"passed_time":0.4604343588,"remaining_time":1.095087124},
{"learn":[272.5677905],"iteration":296,"passed_time":0.462065598,"remaining_time":1.093710826},
{"learn":[272.5126829],"iteration":297,"passed_time":0.4636113377,"remaining_time":1.092131406},
{"learn":[272.3924496],"iteration":298,"passed_time":0.4651737024,"remaining_time":1.090591189},
{"learn":[272.3076873],"iteration":299,"passed_time":0.4669338573,"remaining_time":1.089512334},
{"learn":[272.2231126],"iteration":300,"passed_time":0.4685113469,"remaining_time":1.088004756},
{"learn":[272.1333837],"iteration":301,"passed_time":0.4700732948,"remaining_time":1.086460794},
{"learn":[272.062883],"iteration":302,"passed_time":0.4716587843,"remaining_time":1.084970867},
{"learn":[272.023163],"iteration":303,"passed_time":0.4732737736,"remaining_time":1.08354785},
{"learn":[271.9314378],"iteration":304,"passed_time":0.4752374689,"remaining_time":1.082918167},
{"learn":[271.7948196],"iteration":305,"passed_time":0.4769059578,"remaining_time":1.081610244},
{"learn":[271.6883652],"iteration":306,"passed_time":0.4785517802,"remaining_time":1.080248807},
{"learn":[271.6328741],"iteration":307,"passed_time":0.4801421863,"remaining_time":1.078761016},
{"learn":[271.5619071],"iteration":308,"passed_time":0.4816418013,"remaining_time":1.07706953},
{"learn":[271.4995264],"iteration":309,"passed_time":0.4831910827,"remaining_time":1.075489829},
{"learn":[271.4367677],"iteration":310,"passed_time":0.4847471974,"remaining_time":1.073925463},
{"learn":[271.3832692],"iteration":311,"passed_time":0.4862783539,"remaining_time":1.072306114},
{"learn":[271.3025348],"iteration":312,"passed_time":0.487810052,"remaining_time":1.070688517},
{"learn":[271.2055875],"iteration":313,"passed_time":0.4894763326,"remaining_time":1.069365491},
{"learn":[271.1553199],"iteration":314,"passed_time":0.4912042795,"remaining_time":1.068174386},
{"learn":[271.0539595],"iteration":315,"passed_time":0.4927178111,"remaining_time":1.066515768},
{"learn":[270.9688612],"iteration":316,"passed_time":0.4942428843,"remaining_time":1.064882934},
{"learn":[270.9044778],"iteration":317,"passed_time":0.495641625,"remaining_time":1.062979837},
{"learn":[270.8226836],"iteration":318,"passed_time":0.4971901147,"remaining_time":1.061399587},
{"learn":[270.6587102],"iteration":319,"passed_time":0.4986033554,"remaining_time":1.05953213},
{"learn":[270.5485351],"iteration":320,"passed_time":0.5000696373,"remaining_time":1.0577797},
{"learn":[270.4692486],"iteration":321,"passed_time":0.5014901695,"remaining_time":1.055932717},
{"learn":[270.3870071],"iteration":322,"passed_time":0.5029680764,"remaining_time":1.054208631},
{"learn":[270.3562717],"iteration":323,"passed_time":0.5044412749,"remaining_time":1.05247624},
{"learn":[270.3405027],"iteration":324,"passed_time":0.5057774744,"remaining_time":1.050460908},
{"learn":[270.2604757],"iteration":325,"passed_time":0.5074360467,"remaining_time":1.049116244},
{"learn":[270.2067737],"iteration":326,"passed_time":0.5089720782,"remaining_time":1.047517458},
{"learn":[270.1862113],"iteration":327,"passed_time":0.510401402,"remaining_time":1.045700433},
{"learn":[270.0852777],"iteration":328,"passed_time":0.5120613076,"remaining_time":1.044356041},
{"learn":[270.0451343],"iteration":329,"passed_time":0.5135925058,"remaining_time":1.042748421},
{"learn":[269.9691242],"iteration":330,"passed_time":0.5150831626,"remaining_time":1.041059323},
{"learn":[269.8823473],"iteration":331,"passed_time":0.5167123601,"remaining_time":1.03965017},
{"learn":[269.8106762],"iteration":332,"passed_time":0.5184028489,"remaining_time":1.038362463},
{"learn":[269.7518021],"iteration":333,"passed_time":0.5199686718,"remaining_time":1.036823759},
{"learn":[269.6501454],"iteration":334,"passed_time":0.5215074532,"remaining_time":1.035231213},
{"learn":[269.5782691],"iteration":335,"passed_time":0.5233307328,"remaining_time":1.03420121},
{"learn":[269.5141406],"iteration":336,"passed_time":0.5247865148,"remaining_time":1.032443499},
{"learn":[269.4446423],"iteration":337,"passed_time":0.5261438808,"remaining_time":1.03049482},
{"learn":[269.4133603],"iteration":338,"passed_time":0.5282920749,"remaining_time":1.030091627},
{"learn":[269.3434236],"iteration":339,"passed_time":0.5299490639,"remaining_time":1.028724653},
{"learn":[269.2643569],"iteration":340,"passed_time":0.5315797197,"remaining_time":1.027305089},
{"learn":[269.2132497],"iteration":341,"passed_time":0.5332528752,"remaining_time":1.025966058},
{"learn":[269.1858098],"iteration":342,"passed_time":0.5348217398,"remaining_time":1.024425315},
{"learn":[269.1171995],"iteration":343,"passed_time":0.5363871461,"remaining_time":1.022877813},
{"learn":[269.1011249],"iteration":344,"passed_time":0.5378051783,"remaining_time":1.021050411},
{"learn":[269.0435194],"iteration":345,"passed_time":0.5393715846,"remaining_time":1.019505828},
{"learn":[268.9732875],"iteration":346,"passed_time":0.5409730323,"remaining_time":1.018027061},
{"learn":[268.929123],"iteration":347,"passed_time":0.5425821466,"remaining_time":1.016561953},
{"learn":[268.8589627],"iteration":348,"passed_time":0.5441689694,"remaining_time":1.015054439},
{"learn":[268.7765197],"iteration":349,"passed_time":0.5456147098,"remaining_time":1.013284461},
{"learn":[268.7044054],"iteration":350,"passed_time":0.5472217825,"remaining_time":1.011814635},
{"learn":[268.630736],"iteration":351,"passed_time":0.5488618133,"remaining_time":1.010404702},
{"learn":[268.5838196],"iteration":352,"passed_time":0.5502721789,"remaining_time":1.008572521},
{"learn":[268.5475411],"iteration":353,"passed_time":0.5519484594,"remaining_time":1.00722798},
{"learn":[268.543873],"iteration":354,"passed_time":0.5531062434,"remaining_time":1.004939513},
{"learn":[268.5107931],"iteration":355,"passed_time":0.5546241083,"remaining_time":1.00330878},
{"learn":[268.5011751],"iteration":356,"passed_time":0.5558873499,"remaining_time":1.001220073},
{"learn":[268.4298712],"iteration":357,"passed_time":0.557537714,"remaining_time":0.9998302021},
{"learn":[268.360554],"iteration":358,"passed_time":0.5589830794,"remaining_time":0.998072852},
{"learn":[268.3228866],"iteration":359,"passed_time":0.5605786521,"remaining_time":0.9965842704},
{"learn":[268.2558918],"iteration":360,"passed_time":0.5620903921,"remaining_time":0.9949467051},
{"learn":[268.2205111],"iteration":361,"passed_time":0.5636467567,"remaining_time":0.9933884829},
{"learn":[268.1365405],"iteration":362,"passed_time":0.5651218719,"remaining_time":0.9916876926},
{"learn":[268.0671137],"iteration":363,"passed_time":0.5667054031,"remaining_time":0.9901775724},
{"learn":[268.0589871],"iteration":364,"passed_time":0.5678858952,"remaining_time":0.9879658725},
{"learn":[267.9859808],"iteration":365,"passed_time":0.5693649688,"remaining_time":0.9862770224},
{"learn":[267.960134],"iteration":366,"passed_time":0.5707518345,"remaining_time":0.9844302759},
{"learn":[267.908616],"iteration":367,"passed_time":0.5720647842,"remaining_time":0.9824590858},
{"learn":[267.8088229],"iteration":368,"passed_time":0.57394273,"remaining_time":0.9814576223},
{"learn":[267.6967763],"iteration":369,"passed_time":0.575505178,"remaining_time":0.979914222},
{"learn":[267.6361684],"iteration":370,"passed_time":0.577663497,"remaining_time":0.9793809693},
{"learn":[267.5746859],"iteration":371,"passed_time":0.5792009034,"remaining_time":0.9777907725},
{"learn":[267.4504444],"iteration":372,"passed_time":0.5807796429,"remaining_time":0.9762703381},
{"learn":[267.3880846],"iteration":373,"passed_time":0.5823917572,"remaining_time":0.9748054546},
{"learn":[267.3272526],"iteration":374,"passed_time":0.5842765364,"remaining_time":0.9737942273},
{"learn":[267.2960521],"iteration":375,"passed_time":0.5857818181,"remaining_time":0.9721485491},
{"learn":[267.2549386],"iteration":376,"passed_time":0.5872942247,"remaining_time":0.9705153899},
{"learn":[267.2037474],"iteration":377,"passed_time":0.5887691732,"remaining_time":0.9688212321},
{"learn":[267.1990501],"iteration":378,"passed_time":0.5899375405,"remaining_time":0.9666258908},
{"learn":[267.0761954],"iteration":379,"passed_time":0.5915060717,"remaining_time":0.9650888538},
{"learn":[267.0369549],"iteration":380,"passed_time":0.5930384365,"remaining_time":0.963492893},
{"learn":[266.9981994],"iteration":381,"passed_time":0.594677634,"remaining_time":0.962070099},
{"learn":[266.9557124],"iteration":382,"passed_time":0.5961845406,"remaining_time":0.9604330589},
{"learn":[266.9398514],"iteration":383,"passed_time":0.5977724051,"remaining_time":0.9589265665},
{"learn":[266.8489569],"iteration":384,"passed_time":0.5995522266,"remaining_time":0.9577262841},
{"learn":[266.7656882],"iteration":385,"passed_time":0.601041675,"remaining_time":0.9560611101},
{"learn":[266.6923417],"iteration":386,"passed_time":0.6027077057,"remaining_time":0.9546765467},
{"learn":[266.677611],"iteration":387,"passed_time":0.6040678216,"remaining_time":0.9528080073},
{"learn":[266.627483],"iteration":388,"passed_time":0.6055830199,"remaining_time":0.9511856688},
{"learn":[266.5713199],"iteration":389,"passed_time":0.6072122174,"remaining_time":0.9497421862},
{"learn":[266.4010027],"iteration":390,"passed_time":0.6087703321,"remaining_time":0.9481870389},
{"learn":[266.3439785],"iteration":391,"passed_time":0.6102963219,"remaining_time":0.9465820503},
{"learn":[266.3108954],"iteration":392,"passed_time":0.6119904357,"remaining_time":0.945237136},
{"learn":[266.2760059],"iteration":393,"passed_time":0.6133794681,"remaining_time":0.9434212124},
{"learn":[266.2469847],"iteration":394,"passed_time":0.6147729172,"remaining_time":0.9416142149},
{"learn":[266.2146923],"iteration":395,"passed_time":0.6161404081,"remaining_time":0.9397697134},
{"learn":[266.1981068],"iteration":396,"passed_time":0.6178731466,"remaining_time":0.9384823864},
{"learn":[266.1599069],"iteration":397,"passed_time":0.6192789289,"remaining_time":0.9366982794},
{"learn":[266.1128928],"iteration":398,"passed_time":0.6210226674,"remaining_time":0.9354251205},
{"learn":[266.1064887],"iteration":399,"passed_time":0.622279034,"remaining_time":0.933418551},
{"learn":[266.0739015],"iteration":400,"passed_time":0.6237897323,"remaining_time":0.931795635},
{"learn":[266.0401759],"iteration":401,"passed_time":0.6252538059,"remaining_time":0.9301039202},
{"learn":[265.972284],"iteration":402,"passed_time":0.6269155866,"remaining_time":0.9287062163},
{"learn":[265.9300355],"iteration":403,"passed_time":0.62840116,"remaining_time":0.9270472559},
{"learn":[265.8640764],"iteration":404,"passed_time":0.6301201069,"remaining_time":0.925732009},
{"learn":[265.7321461],"iteration":405,"passed_time":0.6318553454,"remaining_time":0.9244386088},
{"learn":[265.7091989],"iteration":406,"passed_time":0.6332584194,"remaining_time":0.922659073},
{"learn":[265.6543194],"iteration":407,"passed_time":0.6349332416,"remaining_time":0.9212756839},
{"learn":[265.5962804],"iteration":408,"passed_time":0.6363610238,"remaining_time":0.9195338999},
{"learn":[265.5444076],"iteration":409,"passed_time":0.6379095135,"remaining_time":0.9179673487},
{"learn":[265.4546001],"iteration":410,"passed_time":0.6395266278,"remaining_time":0.9164992306},
{"learn":[265.3507418],"iteration":411,"passed_time":0.6409984097,"remaining_time":0.9148229731},
{"learn":[265.2884641],"iteration":412,"passed_time":0.6427056067,"remaining_time":0.913482303},
{"learn":[265.2535537],"iteration":413,"passed_time":0.6443915955,"remaining_time":0.9121098429},
{"learn":[265.252989],"iteration":414,"passed_time":0.6453377142,"remaining_time":0.9096929224},
{"learn":[265.2235753],"iteration":415,"passed_time":0.6467014968,"remaining_time":0.907869409},
{"learn":[265.1775871],"iteration":416,"passed_time":0.6483146111,"remaining_time":0.9063966865},
{"learn":[265.1372964],"iteration":417,"passed_time":0.6497711014,"remaining_time":0.9047052178},
{"learn":[265.0867014],"iteration":418,"passed_time":0.6513210078,"remaining_time":0.9031444046},
{"learn":[264.9544863],"iteration":419,"passed_time":0.6529108722,"remaining_time":0.9016388236},
{"learn":[264.9184681],"iteration":420,"passed_time":0.6544117789,"remaining_time":0.9000104988},
{"learn":[264.8465397],"iteration":421,"passed_time":0.6558766025,"remaining_time":0.8983333561},
{"learn":[264.7826747],"iteration":422,"passed_time":0.6575166333,"remaining_time":0.8968962114},
{"learn":[264.7140322],"iteration":423,"passed_time":0.6591611224,"remaining_time":0.8954641663},
{"learn":[264.7003104],"iteration":424,"passed_time":0.6605232384,"remaining_time":0.8936490872},
{"learn":[264.6553218],"iteration":425,"passed_time":0.6620137701,"remaining_time":0.8920091644},
{"learn":[264.6014693],"iteration":426,"passed_time":0.663735342,"remaining_time":0.8906799789},
{"learn":[264.574435],"iteration":427,"passed_time":0.6652522903,"remaining_time":0.8890754908},
{"learn":[264.529255],"iteration":428,"passed_time":0.6666518643,"remaining_time":0.8873151854},
{"learn":[264.4439061],"iteration":429,"passed_time":0.6682166456,"remaining_time":0.8857755535},
{"learn":[264.42812],"iteration":430,"passed_time":0.6696382195,"remaining_time":0.8840467445},
{"learn":[264.3630942],"iteration":431,"passed_time":0.6711077514,"remaining_time":0.8823824139},
{"learn":[264.328482],"iteration":432,"passed_time":0.6730136554,"remaining_time":0.8812903986},
{"learn":[264.2940138],"iteration":433,"passed_time":0.6746812277,"remaining_time":0.879883813},
{"learn":[264.2228463],"iteration":434,"passed_time":0.6761882177,"remaining_time":0.8782674551},
{"learn":[264.1684287],"iteration":435,"passed_time":0.6779298311,"remaining_time":0.8769551026},
{"learn":[264.1091765],"iteration":436,"passed_time":0.6793818631,"remaining_time":0.8752677092},
{"learn":[264.0624795],"iteration":437,"passed_time":0.6809133113,"remaining_time":0.8736832898},
{"learn":[263.9831116],"iteration":438,"passed_time":0.6825248839,"remaining_time":0.8722015031},
{"learn":[263.9334488],"iteration":439,"passed_time":0.6840293322,"remaining_time":0.8705827865},
{"learn":[263.8537587],"iteration":440,"passed_time":0.6855475722,"remaining_time":0.8689820699},
{"learn":[263.812538],"iteration":441,"passed_time":0.6871339366,"remaining_time":0.86746773},
{"learn":[263.7649344],"iteration":442,"passed_time":0.6888117172,"remaining_time":0.8660680055},
{"learn":[263.6409157],"iteration":443,"passed_time":0.6902986656,"remaining_time":0.8644280587},
{"learn":[263.5825196],"iteration":444,"passed_time":0.6917349477,"remaining_time":0.862725609},
{"learn":[263.5725275],"iteration":445,"passed_time":0.6932364794,"remaining_time":0.8611054027},
{"learn":[263.5169296],"iteration":446,"passed_time":0.6947977607,"remaining_time":0.8595596458},
{"learn":[263.5016879],"iteration":447,"passed_time":0.696260376,"remaining_time":0.857892249},
{"learn":[263.4506341],"iteration":448,"passed_time":0.6979086984,"remaining_time":0.8564536588},
{"learn":[263.4104206],"iteration":449,"passed_time":0.6994504798,"remaining_time":0.8548839198},
{"learn":[263.310176],"iteration":450,"passed_time":0.700926595,"remaining_time":0.8532343696},
{"learn":[263.2617917],"iteration":451,"passed_time":0.7023547105,"remaining_time":0.8515273924},
{"learn":[263.2184731],"iteration":452,"passed_time":0.7038867004,"remaining_time":0.8499470753},
{"learn":[263.1769475],"iteration":453,"passed_time":0.7054862314,"remaining_time":0.848448199},
{"learn":[263.1089963],"iteration":454,"passed_time":0.7070186379,"remaining_time":0.8468684784},
{"learn":[263.102514],"iteration":455,"passed_time":0.7081131306,"remaining_time":0.8447665418},
{"learn":[263.0318877],"iteration":456,"passed_time":0.709615079,"remaining_time":0.8431531464},
{"learn":[263.0101636],"iteration":457,"passed_time":0.7111600271,"remaining_time":0.8415911237},
{"learn":[262.9702797],"iteration":458,"passed_time":0.7126837669,"remaining_time":0.8400041785},
{"learn":[262.9326103],"iteration":459,"passed_time":0.714329006,"remaining_time":0.8385601375},
{"learn":[262.8520358],"iteration":460,"passed_time":0.7159944533,"remaining_time":0.837138851},
{"learn":[262.8172743],"iteration":461,"passed_time":0.7174841517,"remaining_time":0.8355118477},
{"learn":[262.8003661],"iteration":462,"passed_time":0.7189153922,"remaining_time":0.8338176363},
{"learn":[262.7429006],"iteration":463,"passed_time":0.7210524614,"remaining_time":0.8329399123},
{"learn":[262.6601576],"iteration":464,"passed_time":0.7224887018,"remaining_time":0.8312504419},
{"learn":[262.6150367],"iteration":465,"passed_time":0.7240583997,"remaining_time":0.8297149903},
{"learn":[262.5809882],"iteration":466,"passed_time":0.7254853486,"remaining_time":0.8280164685},
{"learn":[262.5132909],"iteration":467,"passed_time":0.7269590888,"remaining_time":0.8263722975},
{"learn":[262.496337],"iteration":468,"passed_time":0.7283652878,"remaining_time":0.8246523834},
{"learn":[262.4687719],"iteration":469,"passed_time":0.7297852367,"remaining_time":0.8229493095},
{"learn":[262.4052755],"iteration":470,"passed_time":0.731501642,"remaining_time":0.8215804004},
{"learn":[262.3684143],"iteration":471,"passed_time":0.7330638399,"remaining_time":0.8200375159},
{"learn":[262.2948823],"iteration":472,"passed_time":0.7346442878,"remaining_time":0.818514883},
{"learn":[262.2481109],"iteration":473,"passed_time":0.736212819,"remaining_time":0.8169787823},
{"learn":[262.1509569],"iteration":474,"passed_time":0.7378079334,"remaining_time":0.8154719264},
{"learn":[262.1137681],"iteration":475,"passed_time":0.7393728397,"remaining_time":0.8139314454},
{"learn":[262.0878356],"iteration":476,"passed_time":0.7409834957,"remaining_time":0.8124410236},
{"learn":[262.0666017],"iteration":477,"passed_time":0.7424650275,"remaining_time":0.8108090886},
{"learn":[262.0254558],"iteration":478,"passed_time":0.7440369754,"remaining_time":0.8092761256},
{"learn":[261.9581383],"iteration":479,"passed_time":0.7456623813,"remaining_time":0.807800913},
{"learn":[261.9217046],"iteration":480,"passed_time":0.7472466624,"remaining_time":0.8062807023},
{"learn":[261.8679473],"iteration":481,"passed_time":0.7488303602,"remaining_time":0.8047595988},
{"learn":[261.8208707],"iteration":482,"passed_time":0.7503207253,"remaining_time":0.8031383333},
{"learn":[261.8009327],"iteration":483,"passed_time":0.7517613408,"remaining_time":0.8014645699},
{"learn":[261.750899],"iteration":484,"passed_time":0.7531616648,"remaining_time":0.7997489843},
{"learn":[261.7126169],"iteration":485,"passed_time":0.7548300287,"remaining_time":0.7983181785},
{"learn":[261.6668647],"iteration":486,"passed_time":0.7562988106,"remaining_time":0.7966761599},
{"learn":[261.6317309],"iteration":487,"passed_time":0.7578608836,"remaining_time":0.7951327303},
{"learn":[261.6065229],"iteration":488,"passed_time":0.7591291252,"remaining_time":0.7932821737},
{"learn":[261.5363698],"iteration":489,"passed_time":0.7607467394,"remaining_time":0.7917976267},
{"learn":[261.391059],"iteration":490,"passed_time":0.7623316872,"remaining_time":0.7902786737},
{"learn":[261.3625754],"iteration":491,"passed_time":0.7638573438,"remaining_time":0.788698233},
{"learn":[261.3214993],"iteration":492,"passed_time":0.7653556255,"remaining_time":0.7870898623},
{"learn":[261.3140424],"iteration":493,"passed_time":0.7668104908,"remaining_time":0.7854374663},
{"learn":[261.2605207],"iteration":494,"passed_time":0.7683530639,"remaining_time":0.783875348},
{"learn":[261.2263691],"iteration":495,"passed_time":0.7698790538,"remaining_time":0.7822964579},
{"learn":[261.180442],"iteration":496,"passed_time":0.7718688739,"remaining_time":0.7811872104},
{"learn":[261.1341882],"iteration":497,"passed_time":0.7733189893,"remaining_time":0.7795303868},
{"learn":[261.1007006],"iteration":498,"passed_time":0.7748796872,"remaining_time":0.7779854174},
{"learn":[261.0686233],"iteration":499,"passed_time":0.7764630517,"remaining_time":0.7764630517},
{"learn":[261.0209209],"iteration":500,"passed_time":0.7778890839,"remaining_time":0.7747837383},
{"learn":[260.9704737],"iteration":501,"passed_time":0.7793567825,"remaining_time":0.7731467683},
{"learn":[260.9425375],"iteration":502,"passed_time":0.7808471893,"remaining_time":0.7715329087},
{"learn":[260.9032129],"iteration":503,"passed_time":0.7823211378,"remaining_time":0.769903342},
{"learn":[260.8765265],"iteration":504,"passed_time":0.7839718768,"remaining_time":0.7684476813},
{"learn":[260.8470041],"iteration":505,"passed_time":0.7853155346,"remaining_time":0.7666914508},
{"learn":[260.8142435],"iteration":506,"passed_time":0.7870023567,"remaining_time":0.7652705362},
{"learn":[260.7992632],"iteration":507,"passed_time":0.7885493048,"remaining_time":0.7637131062},
{"learn":[260.7790858],"iteration":508,"passed_time":0.7899753786,"remaining_time":0.7620391177},
{"learn":[260.7520694],"iteration":509,"passed_time":0.7913984109,"remaining_time":0.7603631791},
{"learn":[260.6984569],"iteration":510,"passed_time":0.7929699421,"remaining_time":0.758830336},
{"learn":[260.6763584],"iteration":511,"passed_time":0.7945063486,"remaining_time":0.7572638635},
{"learn":[260.6394436],"iteration":512,"passed_time":0.7958831311,"remaining_time":0.7555459743},
{"learn":[260.5912053],"iteration":513,"passed_time":0.7975875781,"remaining_time":0.7541392275},
{"learn":[260.5616691],"iteration":514,"passed_time":0.7992985251,"remaining_time":0.7527374459},
{"learn":[260.5396906],"iteration":515,"passed_time":0.8010475134,"remaining_time":0.7513701483},
{"learn":[260.4784601],"iteration":516,"passed_time":0.8025605867,"remaining_time":0.7497809737},
{"learn":[260.4520018],"iteration":517,"passed_time":0.804171701,"remaining_time":0.7482833203},
{"learn":[260.3732522],"iteration":518,"passed_time":0.8056717744,"remaining_time":0.7466823189},
{"learn":[260.3559088],"iteration":519,"passed_time":0.8071673895,"remaining_time":0.7450775903},
{"learn":[260.3224835],"iteration":520,"passed_time":0.8087242541,"remaining_time":0.7435295926},
{"learn":[260.2766815],"iteration":521,"passed_time":0.8103702015,"remaining_time":0.7420631347},
{"learn":[260.2509081],"iteration":522,"passed_time":0.8117957754,"remaining_time":0.7403949997},
{"learn":[260.1926521],"iteration":523,"passed_time":0.8133486818,"remaining_time":0.738843459},
{"learn":[260.1708928],"iteration":524,"passed_time":0.8147665057,"remaining_time":0.7371696956},
{"learn":[260.0475353],"iteration":525,"passed_time":0.8164315363,"remaining_time":0.7357196734},
{"learn":[259.9821882],"iteration":526,"passed_time":0.8178132354,"remaining_time":0.7340145358},
{"learn":[259.9315487],"iteration":527,"passed_time":0.8192922673,"remaining_time":0.7323976329},
{"learn":[259.8991735],"iteration":528,"passed_time":0.8207910907,"remaining_time":0.7307988728},
{"learn":[259.854117],"iteration":529,"passed_time":0.8222426644,"remaining_time":0.7291585891},
{"learn":[259.8038757],"iteration":530,"passed_time":0.8238784035,"remaining_time":0.7276816784},
{"learn":[259.6995398],"iteration":531,"passed_time":0.8254014767,"remaining_time":0.7261050585},
{"learn":[259.6769631],"iteration":532,"passed_time":0.8269886745,"remaining_time":0.7245848236},
{"learn":[259.6561808],"iteration":533,"passed_time":0.82842604,"remaining_time":0.7229335854},
{"learn":[259.6103935],"iteration":534,"passed_time":0.8298504888,"remaining_time":0.7212719202},
{"learn":[259.5513928],"iteration":535,"passed_time":0.8314182284,"remaining_time":0.7197351828},
{"learn":[259.5088497],"iteration":536,"passed_time":0.8328113025,"remaining_time":0.7180477338},
{"learn":[259.48306],"iteration":537,"passed_time":0.8343487923,"remaining_time":0.7164853941},
{"learn":[259.4569707],"iteration":538,"passed_time":0.835900282,"remaining_time":0.7149351206},
{"learn":[259.3672477],"iteration":539,"passed_time":0.8374674799,"remaining_time":0.7133982236},
{"learn":[259.3373731],"iteration":540,"passed_time":0.839053761,"remaining_time":0.7118774054},
{"learn":[259.2824314],"iteration":541,"passed_time":0.8407016251,"remaining_time":0.7104083843},
{"learn":[259.2360542],"iteration":542,"passed_time":0.8424176554,"remaining_time":0.7089960746},
{"learn":[259.1982378],"iteration":543,"passed_time":0.8441429772,"remaining_time":0.7075904368},
{"learn":[259.1215196],"iteration":544,"passed_time":0.8456348007,"remaining_time":0.7059886868},
{"learn":[259.0989555],"iteration":545,"passed_time":0.8471702071,"remaining_time":0.7044235788},
{"learn":[259.0412529],"iteration":546,"passed_time":0.8489458203,"remaining_time":0.7030575075},
{"learn":[259.0114264],"iteration":547,"passed_time":0.8504476854,"remaining_time":0.7014641492},
{"learn":[258.9822197],"iteration":548,"passed_time":0.8520067583,"remaining_time":0.6999181202},
{"learn":[258.9029527],"iteration":549,"passed_time":0.8537928715,"remaining_time":0.6985578039},
{"learn":[258.8759303],"iteration":550,"passed_time":0.8551789873,"remaining_time":0.6968699915},
{"learn":[258.8214465],"iteration":551,"passed_time":0.8566547691,"remaining_time":0.6952560445},
{"learn":[258.7841509],"iteration":552,"passed_time":0.8580723014,"remaining_time":0.6935955131},
{"learn":[258.7431112],"iteration":553,"passed_time":0.8594958753,"remaining_time":0.6919407227},
{"learn":[258.7021207],"iteration":554,"passed_time":0.8611564893,"remaining_time":0.6904768247},
{"learn":[258.6469297],"iteration":555,"passed_time":0.8625583133,"remaining_time":0.6888055595},
{"learn":[258.6117276],"iteration":556,"passed_time":0.8640256369,"remaining_time":0.6871873557},
{"learn":[258.5673285],"iteration":557,"passed_time":0.8656076264,"remaining_time":0.6856605212},
{"learn":[258.5158541],"iteration":558,"passed_time":0.8671999491,"remaining_time":0.6841416414},
{"learn":[258.4362655],"iteration":559,"passed_time":0.8686848976,"remaining_time":0.6825381338},
{"learn":[258.3940154],"iteration":560,"passed_time":0.8706419263,"remaining_time":0.6813044664},
{"learn":[258.3520807],"iteration":561,"passed_time":0.8721524579,"remaining_time":0.679720243},
{"learn":[258.3452104],"iteration":562,"passed_time":0.8737015726,"remaining_time":0.6781662295},
{"learn":[258.324012],"iteration":563,"passed_time":0.8750848134,"remaining_time":0.6764840047},
{"learn":[258.2846264],"iteration":564,"passed_time":0.8765876368,"remaining_time":0.6748949062},
{"learn":[258.2628213],"iteration":565,"passed_time":0.8779919191,"remaining_time":0.6732305528},
{"learn":[258.2361684],"iteration":566,"passed_time":0.8795227006,"remaining_time":0.6716637202},
{"learn":[258.2052173],"iteration":567,"passed_time":0.8808737333,"remaining_time":0.6699603042},
{"learn":[258.17728],"iteration":568,"passed_time":0.8825971385,"remaining_time":0.6685401875},
{"learn":[258.1336203],"iteration":569,"passed_time":0.8841755864,"remaining_time":0.6670096529},
{"learn":[258.1117275],"iteration":570,"passed_time":0.8855914936,"remaining_time":0.6653568315},
{"learn":[258.0851785],"iteration":571,"passed_time":0.8871284001,"remaining_time":0.6637953763},
{"learn":[258.0163022],"iteration":572,"passed_time":0.8889758045,"remaining_time":0.6624653901},
{"learn":[257.9753857],"iteration":573,"passed_time":0.8906822098,"remaining_time":0.6610289571},
{"learn":[257.8728394],"iteration":574,"passed_time":0.8924171566,"remaining_time":0.659612681},
{"learn":[257.8039058],"iteration":575,"passed_time":0.8940361876,"remaining_time":0.6581099714},
{"learn":[257.755305],"iteration":576,"passed_time":0.8957315096,"remaining_time":0.6566627878},
{"learn":[257.7307119],"iteration":577,"passed_time":0.8971407086,"remaining_time":0.6550058461},
{"learn":[257.6957338],"iteration":578,"passed_time":0.8986962816,"remaining_time":0.6534561909},
{"learn":[257.6633076],"iteration":579,"passed_time":0.9001287304,"remaining_time":0.6518173565},
{"learn":[257.6305409],"iteration":580,"passed_time":0.9016513037,"remaining_time":0.6502442276},
{"learn":[257.6170423],"iteration":581,"passed_time":0.9031559187,"remaining_time":0.6486583746},
{"learn":[257.5967429],"iteration":582,"passed_time":0.9045790759,"remaining_time":0.6470145363},
{"learn":[257.5677296],"iteration":583,"passed_time":0.9060917742,"remaining_time":0.6454352364},
{"learn":[257.5460938],"iteration":584,"passed_time":0.9077068051,"remaining_time":0.6439287592},
{"learn":[257.5000094],"iteration":585,"passed_time":0.9092542948,"remaining_time":0.6423741946},
{"learn":[257.4560701],"iteration":586,"passed_time":0.9106452023,"remaining_time":0.6407094864},
{"learn":[257.4215749],"iteration":587,"passed_time":0.9121607755,"remaining_time":0.6391330604},
{"learn":[257.3676122],"iteration":588,"passed_time":0.9137741398,"remaining_time":0.6376250789},
{"learn":[257.3259807],"iteration":589,"passed_time":0.9153219629,"remaining_time":0.6360711945},
{"learn":[257.2885617],"iteration":590,"passed_time":0.9168494944,"remaining_time":0.634503288},
{"learn":[257.2485414],"iteration":591,"passed_time":0.9182449851,"remaining_time":0.6328445168},
{"learn":[257.2192011],"iteration":592,"passed_time":0.919615851,"remaining_time":0.6311697325},
{"learn":[257.1898197],"iteration":593,"passed_time":0.9211777573,"remaining_time":0.6296265479},
{"learn":[257.1481094],"iteration":594,"passed_time":0.92303812,"remaining_time":0.6282864514},
{"learn":[257.1056767],"iteration":595,"passed_time":0.9246118595,"remaining_time":0.6267503209},
{"learn":[257.0801565],"iteration":596,"passed_time":0.9262408487,"remaining_time":0.6252513602},
{"learn":[257.0246111],"iteration":597,"passed_time":0.9277874217,"remaining_time":0.6236965611},
{"learn":[257.0043794],"iteration":598,"passed_time":0.9292304122,"remaining_time":0.6220724462},
{"learn":[256.9685318],"iteration":599,"passed_time":0.9308840262,"remaining_time":0.6205893508},
{"learn":[256.9364095],"iteration":600,"passed_time":0.9325015154,"remaining_time":0.6190817049},
{"learn":[256.874475],"iteration":601,"passed_time":0.9341917125,"remaining_time":0.6176217634},
{"learn":[256.856347],"iteration":602,"passed_time":0.9358555348,"remaining_time":0.6161436937},
{"learn":[256.793252],"iteration":603,"passed_time":0.937384858,"remaining_time":0.6145768274},
{"learn":[256.7379017],"iteration":604,"passed_time":0.9390071806,"remaining_time":0.6130708038},
{"learn":[256.7021681],"iteration":605,"passed_time":0.9404888791,"remaining_time":0.6114729676},
{"learn":[256.663552],"iteration":606,"passed_time":0.9420093273,"remaining_time":0.6099006024},
{"learn":[256.643835],"iteration":607,"passed_time":0.9434491094,"remaining_time":0.6082763995},
{"learn":[256.6212043],"iteration":608,"passed_time":0.9449857242,"remaining_time":0.6067149723},
{"learn":[256.5837351],"iteration":609,"passed_time":0.9465247556,"remaining_time":0.6051551716},
{"learn":[256.5059731],"iteration":610,"passed_time":0.948179578,"remaining_time":0.6036691585},
{"learn":[256.4731255],"iteration":611,"passed_time":0.9496943596,"remaining_time":0.6020938097},
{"learn":[256.447423],"iteration":612,"passed_time":0.9512420576,"remaining_time":0.6005394393},
{"learn":[256.4231034],"iteration":613,"passed_time":0.9527721725,"remaining_time":0.5989740368},
{"learn":[256.4074312],"iteration":614,"passed_time":0.9541295385,"remaining_time":0.5973006054},
{"learn":[256.3881291],"iteration":615,"passed_time":0.9556395284,"remaining_time":0.5957233424},
{"learn":[256.3688532],"iteration":616,"passed_time":0.9572204763,"remaining_time":0.5941903443},
{"learn":[256.3402377],"iteration":617,"passed_time":0.9587048831,"remaining_time":0.5925975167},
{"learn":[256.308979],"iteration":618,"passed_time":0.9604121634,"remaining_time":0.5911422201},
{"learn":[256.2800351],"iteration":619,"passed_time":0.9619444866,"remaining_time":0.5895788789},
{"learn":[256.2542069],"iteration":620,"passed_time":0.9634489766,"remaining_time":0.5879986508},
{"learn":[256.2071551],"iteration":621,"passed_time":0.9651083406,"remaining_time":0.5865127857},
{"learn":[256.1547107],"iteration":622,"passed_time":0.966744163,"remaining_time":0.5850121179},
{"learn":[256.0789199],"iteration":623,"passed_time":0.9686838585,"remaining_time":0.5836941199},
{"learn":[256.0496414],"iteration":624,"passed_time":0.9703897221,"remaining_time":0.5822338333},
{"learn":[256.0079225],"iteration":625,"passed_time":0.9719568367,"remaining_time":0.5806898673},
{"learn":[255.963267],"iteration":626,"passed_time":0.9733979522,"remaining_time":0.5790708711},
{"learn":[255.9320836],"iteration":627,"passed_time":0.9751194407,"remaining_time":0.5776185222},
{"learn":[255.9091415],"iteration":628,"passed_time":0.9766845553,"remaining_time":0.5760730843},
{"learn":[255.8785661],"iteration":629,"passed_time":0.9781625039,"remaining_time":0.5744763912},
{"learn":[255.8453617],"iteration":630,"passed_time":0.9798223262,"remaining_time":0.5729864316},
{"learn":[255.8174177],"iteration":631,"passed_time":0.9813571076,"remaining_time":0.571423126},
{"learn":[255.7964079],"iteration":632,"passed_time":0.9829680553,"remaining_time":0.56990407},
{"learn":[255.7722788],"iteration":633,"passed_time":0.9845871279,"remaining_time":0.5683894145},
{"learn":[255.7261593],"iteration":634,"passed_time":0.9860863679,"remaining_time":0.5668055501},
{"learn":[255.6978582],"iteration":635,"passed_time":0.9876627741,"remaining_time":0.565266116},
{"learn":[255.6652132],"iteration":636,"passed_time":0.9891480142,"remaining_time":0.5636746141},
{"learn":[255.6336151],"iteration":637,"passed_time":0.9907665452,"remaining_time":0.5621590742},
{"learn":[255.6068811],"iteration":638,"passed_time":0.9923683262,"remaining_time":0.5606337492},
{"learn":[255.5778014],"iteration":639,"passed_time":0.9939358158,"remaining_time":0.5590888964},
{"learn":[255.523997],"iteration":640,"passed_time":0.9954031394,"remaining_time":0.5574878737},
{"learn":[255.488597],"iteration":641,"passed_time":0.9970290869,"remaining_time":0.5559757214},
{"learn":[255.4472398],"iteration":642,"passed_time":0.9985734516,"remaining_time":0.5544179195},
{"learn":[255.4175315],"iteration":643,"passed_time":1.00031219,"remaining_time":0.5529676082},
{"learn":[255.3666957],"iteration":644,"passed_time":1.001904096,"remaining_time":0.5514355878},
{"learn":[255.3186329],"iteration":645,"passed_time":1.003621418,"remaining_time":0.5499721084},
{"learn":[255.2842447],"iteration":646,"passed_time":1.005223032,"remaining_time":0.5484447148},
{"learn":[255.2576211],"iteration":647,"passed_time":1.006834855,"remaining_time":0.5469226373},
{"learn":[255.2293246],"iteration":648,"passed_time":1.008476428,"remaining_time":0.545416373},
{"learn":[255.2048962],"iteration":649,"passed_time":1.009885002,"remaining_time":0.5437842316},
{"learn":[255.1691741],"iteration":650,"passed_time":1.011242659,"remaining_time":0.5421254809},
{"learn":[255.1530682],"iteration":651,"passed_time":1.012721399,"remaining_time":0.5405322806},
{"learn":[255.1321253],"iteration":652,"passed_time":1.014155431,"remaining_time":0.5389156734},
{"learn":[255.1152158],"iteration":653,"passed_time":1.015630005,"remaining_time":0.537321073},
{"learn":[255.0881814],"iteration":654,"passed_time":1.017225411,"remaining_time":0.5357904837},
{"learn":[255.0671974],"iteration":655,"passed_time":1.018886108,"remaining_time":0.5342939349},
{"learn":[255.0505858],"iteration":656,"passed_time":1.02040539,"remaining_time":0.5327230575},
{"learn":[255.0326602],"iteration":657,"passed_time":1.02194938,"remaining_time":0.5311651791},
{"learn":[255.0073972],"iteration":658,"passed_time":1.023764076,"remaining_time":0.5297474202},
{"learn":[254.9772719],"iteration":659,"passed_time":1.025298399,"remaining_time":0.5281840238},
{"learn":[254.9321833],"iteration":660,"passed_time":1.027059554,"remaining_time":0.5267370482},
{"learn":[254.8859321],"iteration":661,"passed_time":1.028748418,"remaining_time":0.5252522134},
{"learn":[254.8606141],"iteration":662,"passed_time":1.030305908,"remaining_time":0.5236999862},
{"learn":[254.8288132],"iteration":663,"passed_time":1.031912564,"remaining_time":0.5221726225},
{"learn":[254.7940854],"iteration":664,"passed_time":1.033480345,"remaining_time":0.5206254369},
{"learn":[254.7620536],"iteration":665,"passed_time":1.035037876,"remaining_time":0.519073049},
{"learn":[254.7334363],"iteration":666,"passed_time":1.036779156,"remaining_time":0.5176123824},
{"learn":[254.6942601],"iteration":667,"passed_time":1.038347521,"remaining_time":0.5160649355},
{"learn":[254.6571912],"iteration":668,"passed_time":1.03990901,"remaining_time":0.5145140246},
{"learn":[254.6400055],"iteration":669,"passed_time":1.041444667,"remaining_time":0.5129503583},
{"learn":[254.6169898],"iteration":670,"passed_time":1.043022906,"remaining_time":0.5114076546},
{"learn":[254.5850694],"iteration":671,"passed_time":1.044575563,"remaining_time":0.509852358},
{"learn":[254.5586286],"iteration":672,"passed_time":1.046128636,"remaining_time":0.5082972718},
{"learn":[254.5490515],"iteration":673,"passed_time":1.047528543,"remaining_time":0.5066681084},
{"learn":[254.5288769],"iteration":674,"passed_time":1.048909617,"remaining_time":0.5050305565},
{"learn":[254.4963628],"iteration":675,"passed_time":1.050443315,"remaining_time":0.5034669145},
{"learn":[254.4685628],"iteration":676,"passed_time":1.051893056,"remaining_time":0.5018633044},
{"learn":[254.4512173],"iteration":677,"passed_time":1.053291505,"remaining_time":0.5002357885},
{"learn":[254.4202096],"iteration":678,"passed_time":1.054899869,"remaining_time":0.4987081856},
{"learn":[254.3962856],"iteration":679,"passed_time":1.056316693,"remaining_time":0.4970902085},
{"learn":[254.3648368],"iteration":680,"passed_time":1.058164889,"remaining_time":0.4956748894},
{"learn":[254.3187214],"iteration":681,"passed_time":1.059877253,"remaining_time":0.4941949654},
{"learn":[254.2761547],"iteration":682,"passed_time":1.061440159,"remaining_time":0.4926449933},
{"learn":[254.2466999],"iteration":683,"passed_time":1.062981816,"remaining_time":0.4910851663},
{"learn":[254.2081189],"iteration":684,"passed_time":1.064558222,"remaining_time":0.4895413721},
{"learn":[254.1791984],"iteration":685,"passed_time":1.066098878,"remaining_time":0.4879811192},
{"learn":[254.1582718],"iteration":686,"passed_time":1.06810474,"remaining_time":0.4866328728},
{"learn":[254.13408],"iteration":687,"passed_time":1.069688521,"remaining_time":0.485091306},
{"learn":[254.1058637],"iteration":688,"passed_time":1.071215136,"remaining_time":0.4835238131},
{"learn":[254.0865524],"iteration":689,"passed_time":1.0727975,"remaining_time":0.4819814857},
{"learn":[254.0559641],"iteration":690,"passed_time":1.074397823,"remaining_time":0.4804470728},
{"learn":[254.0222146],"iteration":691,"passed_time":1.076085104,"remaining_time":0.4789511733},
{"learn":[253.9463014],"iteration":692,"passed_time":1.077652885,"remaining_time":0.477401783},
{"learn":[253.9049223],"iteration":693,"passed_time":1.079228583,"remaining_time":0.4758558304},
{"learn":[253.875714],"iteration":694,"passed_time":1.080826239,"remaining_time":0.4743194285},
{"learn":[253.8543191],"iteration":695,"passed_time":1.08237127,"remaining_time":0.4727598651},
{"learn":[253.8386421],"iteration":696,"passed_time":1.084130383,"remaining_time":0.4712934092},
{"learn":[253.8204636],"iteration":697,"passed_time":1.085560832,"remaining_time":0.4696839131},
{"learn":[253.7998477],"iteration":698,"passed_time":1.087030781,"remaining_time":0.4680919385},
{"learn":[253.7806518],"iteration":699,"passed_time":1.088579604,"remaining_time":0.466534116},
{"learn":[253.7628279],"iteration":700,"passed_time":1.089952886,"remaining_time":0.4649014451},
{"learn":[253.7424436],"iteration":701,"passed_time":1.09139946,"remaining_time":0.4633006255},
{"learn":[253.7227838],"iteration":702,"passed_time":1.093033491,"remaining_time":0.4617794407},
{"learn":[253.6405436],"iteration":703,"passed_time":1.094657314,"remaining_time":0.4602536432},
{"learn":[253.6139655],"iteration":704,"passed_time":1.096299219,"remaining_time":0.4587351343},
{"learn":[253.5915757],"iteration":705,"passed_time":1.097870251,"remaining_time":0.4571867616},
{"learn":[253.5643152],"iteration":706,"passed_time":1.099297449,"remaining_time":0.4555787166},
{"learn":[253.5468962],"iteration":707,"passed_time":1.100767648,"remaining_time":0.453988917},
{"learn":[253.525752],"iteration":708,"passed_time":1.102377762,"remaining_time":0.4524568813},
{"learn":[253.5110665],"iteration":709,"passed_time":1.104016418,"remaining_time":0.4509362834},
{"learn":[253.4896173],"iteration":710,"passed_time":1.105673532,"remaining_time":0.4494228562},
{"learn":[253.4763687],"iteration":711,"passed_time":1.107276646,"remaining_time":0.4478871828},
{"learn":[253.4480029],"iteration":712,"passed_time":1.108821636,"remaining_time":0.4463279237},
{"learn":[253.4352599],"iteration":713,"passed_time":1.110295043,"remaining_time":0.4447400312},
{"learn":[253.4221763],"iteration":714,"passed_time":1.111811033,"remaining_time":0.4431694327},
{"learn":[253.410674],"iteration":715,"passed_time":1.113269523,"remaining_time":0.4415761796},
{"learn":[253.3958127],"iteration":716,"passed_time":1.11478918,"remaining_time":0.4400074448},
{"learn":[253.3661869],"iteration":717,"passed_time":1.116425669,"remaining_time":0.4384847335},
{"learn":[253.3443202],"iteration":718,"passed_time":1.11797645,"remaining_time":0.4369282094},
{"learn":[253.3057989],"iteration":719,"passed_time":1.119639606,"remaining_time":0.4354154023},
{"learn":[253.2933988],"iteration":720,"passed_time":1.121235929,"remaining_time":0.4338763164},
{"learn":[253.2628002],"iteration":721,"passed_time":1.122881376,"remaining_time":0.4323559869},
{"learn":[253.2472142],"iteration":722,"passed_time":1.124338908,"remaining_time":0.4307633161},
{"learn":[253.2153681],"iteration":723,"passed_time":1.125758149,"remaining_time":0.4291564213},
{"learn":[253.1696919],"iteration":724,"passed_time":1.127341638,"remaining_time":0.4276123455},
{"learn":[253.1384699],"iteration":725,"passed_time":1.12888867,"remaining_time":0.4260544014},
{"learn":[253.0597402],"iteration":726,"passed_time":1.130450159,"remaining_time":0.4245019167},
{"learn":[253.0434167],"iteration":727,"passed_time":1.13207969,"remaining_time":0.4229748292},
{"learn":[253.0295686],"iteration":728,"passed_time":1.133606805,"remaining_time":0.4214093884},
{"learn":[252.9648214],"iteration":729,"passed_time":1.135157753,"remaining_time":0.4198528675},
{"learn":[252.9444749],"iteration":730,"passed_time":1.136790242,"remaining_time":0.4183263681},
{"learn":[252.8993079],"iteration":731,"passed_time":1.138356315,"remaining_time":0.4167752629},
{"learn":[252.8477406],"iteration":732,"passed_time":1.14005672,"remaining_time":0.4152730482},
{"learn":[252.8314477],"iteration":733,"passed_time":1.141642251,"remaining_time":0.4137286633},
{"learn":[252.8165504],"iteration":734,"passed_time":1.143235116,"remaining_time":0.4121868105},
{"learn":[252.7959105],"iteration":735,"passed_time":1.144729564,"remaining_time":0.4106095176},
{"learn":[252.7675068],"iteration":736,"passed_time":1.146420553,"remaining_time":0.4091025854},
{"learn":[252.7436179],"iteration":737,"passed_time":1.147949293,"remaining_time":0.4075375539},
{"learn":[252.7225054],"iteration":738,"passed_time":1.149492199,"remaining_time":0.4059776239},
{"learn":[252.653064],"iteration":739,"passed_time":1.151071689,"remaining_time":0.4044305934},
{"learn":[252.6051387],"iteration":740,"passed_time":1.152801011,"remaining_time":0.4029358459},
{"learn":[252.5596028],"iteration":741,"passed_time":1.154382084,"remaining_time":0.4013889185},
{"learn":[252.5293238],"iteration":742,"passed_time":1.155929782,"remaining_time":0.3998303551},
{"learn":[252.5087858],"iteration":743,"passed_time":1.157414313,"remaining_time":0.3982500863},
{"learn":[252.4826342],"iteration":744,"passed_time":1.159093177,"remaining_time":0.3967365909},
{"learn":[252.4623866],"iteration":745,"passed_time":1.160631209,"remaining_time":0.3951747011},
{"learn":[252.4424374],"iteration":746,"passed_time":1.162169449,"remaining_time":0.3936129457},
{"learn":[252.4195035],"iteration":747,"passed_time":1.163726771,"remaining_time":0.3920576824},
{"learn":[252.3744649],"iteration":748,"passed_time":1.165543093,"remaining_time":0.3905892073},
{"learn":[252.3290361],"iteration":749,"passed_time":1.167175832,"remaining_time":0.3890586106},
{"learn":[252.3001775],"iteration":750,"passed_time":1.168791696,"remaining_time":0.3875221469},
{"learn":[252.2843131],"iteration":751,"passed_time":1.170288145,"remaining_time":0.3859460902},
{"learn":[252.2372452],"iteration":752,"passed_time":1.171755177,"remaining_time":0.3843605957},
{"learn":[252.2040542],"iteration":753,"passed_time":1.17342354,"remaining_time":0.3828411021},
{"learn":[252.1811278],"iteration":754,"passed_time":1.174892239,"remaining_time":0.3812564219},
{"learn":[252.1479748],"iteration":755,"passed_time":1.176566561,"remaining_time":0.3797384139},
{"learn":[252.11219],"iteration":756,"passed_time":1.178243675,"remaining_time":0.3782208891},
{"learn":[252.0902655],"iteration":757,"passed_time":1.179742915,"remaining_time":0.376646155},
{"learn":[252.0674769],"iteration":758,"passed_time":1.181247488,"remaining_time":0.3750733132},
{"learn":[252.0520783],"iteration":759,"passed_time":1.183051935,"remaining_time":0.3735953478},
{"learn":[252.0376017],"iteration":760,"passed_time":1.184704924,"remaining_time":0.3720689577},
{"learn":[251.9775678],"iteration":761,"passed_time":1.186228705,"remaining_time":0.3705018791},
{"learn":[251.9578414],"iteration":762,"passed_time":1.187804737,"remaining_time":0.3689511436},
{"learn":[251.9268633],"iteration":763,"passed_time":1.18929756,"remaining_time":0.367374639},
{"learn":[251.9128643],"iteration":764,"passed_time":1.191025382,"remaining_time":0.3658705421},
{"learn":[251.8844754],"iteration":765,"passed_time":1.19253083,"remaining_time":0.3642979299},
{"learn":[251.8612965],"iteration":766,"passed_time":1.194182778,"remaining_time":0.3627699963},
{"learn":[251.8293581],"iteration":767,"passed_time":1.195708892,"remaining_time":0.3612037279},
{"learn":[251.7923638],"iteration":768,"passed_time":1.198041794,"remaining_time":0.3598799146},
{"learn":[251.767643],"iteration":769,"passed_time":1.199823282,"remaining_time":0.3583887725},
{"learn":[251.7554738],"iteration":770,"passed_time":1.201386021,"remaining_time":0.3568319052},
{"learn":[251.7394571],"iteration":771,"passed_time":1.202963886,"remaining_time":0.3552794896},
{"learn":[251.7138129],"iteration":772,"passed_time":1.204605833,"remaining_time":0.3537458269},
{"learn":[251.6882791],"iteration":773,"passed_time":1.206059157,"remaining_time":0.3521568081},
{"learn":[251.6713561],"iteration":774,"passed_time":1.207525439,"remaining_time":0.3505719016},
{"learn":[251.6569152],"iteration":775,"passed_time":1.209013137,"remaining_time":0.348993483},
{"learn":[251.6371125],"iteration":776,"passed_time":1.210530377,"remaining_time":0.3474237762},
{"learn":[251.6166728],"iteration":777,"passed_time":1.211979451,"remaining_time":0.3458347534},
{"learn":[251.5980293],"iteration":778,"passed_time":1.213420941,"remaining_time":0.3442439385},
{"learn":[251.5513145],"iteration":779,"passed_time":1.21511243,"remaining_time":0.3427240188},
{"learn":[251.513166],"iteration":780,"passed_time":1.216659837,"remaining_time":0.3411632576},
{"learn":[251.4796593],"iteration":781,"passed_time":1.218207493,"remaining_time":0.3396026004},
{"learn":[251.4108758],"iteration":782,"passed_time":1.219872357,"remaining_time":0.3380744591},
{"learn":[251.3770141],"iteration":783,"passed_time":1.221371097,"remaining_time":0.3365002002},
{"learn":[251.3580518],"iteration":784,"passed_time":1.222947712,"remaining_time":0.3349474624},
{"learn":[251.3374544],"iteration":785,"passed_time":1.224502243,"remaining_time":0.3333886514},
{"learn":[251.3069972],"iteration":786,"passed_time":1.226053274,"remaining_time":0.331828904},
{"learn":[251.2838978],"iteration":787,"passed_time":1.22750689,"remaining_time":0.3302429703},
{"learn":[251.265414],"iteration":788,"passed_time":1.22899613,"remaining_time":0.3286668991},
{"learn":[251.2429967],"iteration":789,"passed_time":1.230413829,"remaining_time":0.3270720304},
{"learn":[251.2314393],"iteration":790,"passed_time":1.231864486,"remaining_time":0.325486318},
{"learn":[251.2086452],"iteration":791,"passed_time":1.233341601,"remaining_time":0.3239078952},
{"learn":[251.1957808],"iteration":792,"passed_time":1.234669342,"remaining_time":0.3222907362},
{"learn":[251.1737958],"iteration":793,"passed_time":1.236119416,"remaining_time":0.3207060449},
{"learn":[251.156031],"iteration":794,"passed_time":1.237779905,"remaining_time":0.3191759503},
{"learn":[251.1278062],"iteration":795,"passed_time":1.239344228,"remaining_time":0.3176208825},
{"learn":[251.1125293],"iteration":796,"passed_time":1.240834384,"remaining_time":0.3160469009},
{"learn":[251.0811846],"iteration":797,"passed_time":1.242507998,"remaining_time":0.3145195685},
{"learn":[251.0568552],"iteration":798,"passed_time":1.244012322,"remaining_time":0.3129492824},
{"learn":[251.0291559],"iteration":799,"passed_time":1.245525312,"remaining_time":0.3113813279},
{"learn":[250.9804657],"iteration":800,"passed_time":1.247025135,"remaining_time":0.3098102395},
{"learn":[250.93179],"iteration":801,"passed_time":1.248746499,"remaining_time":0.3082940233},
{"learn":[250.8922823],"iteration":802,"passed_time":1.250310905,"remaining_time":0.3067387898},
{"learn":[250.8716849],"iteration":803,"passed_time":1.251832186,"remaining_time":0.3051730206},
{"learn":[250.8500943],"iteration":804,"passed_time":1.2535308,"remaining_time":0.303650318},
{"learn":[250.8372105],"iteration":805,"passed_time":1.255037082,"remaining_time":0.3020808857},
{"learn":[250.7997157],"iteration":806,"passed_time":1.256549113,"remaining_time":0.300512985},
{"learn":[250.7850566],"iteration":807,"passed_time":1.258172769,"remaining_time":0.2989717472},
{"learn":[250.767728],"iteration":808,"passed_time":1.259709051,"remaining_time":0.297409677},
{"learn":[250.7519448],"iteration":809,"passed_time":1.261223999,"remaining_time":0.2958426664},
{"learn":[250.7207316],"iteration":810,"passed_time":1.262745114,"remaining_time":0.2942772214},
{"learn":[250.6646191],"iteration":811,"passed_time":1.264320395,"remaining_time":0.2927244265},
{"learn":[250.6434497],"iteration":812,"passed_time":1.265879551,"remaining_time":0.2911678673},
{"learn":[250.6225908],"iteration":813,"passed_time":1.267470541,"remaining_time":0.2896185757},
{"learn":[250.6012675],"iteration":814,"passed_time":1.269029447,"remaining_time":0.2880618991},
{"learn":[250.5709726],"iteration":815,"passed_time":1.270573145,"remaining_time":0.2865017877},
{"learn":[250.5542151],"iteration":816,"passed_time":1.2724203,"remaining_time":0.2850096877},
{"learn":[250.527151],"iteration":817,"passed_time":1.273976039,"remaining_time":0.2834518816},
{"learn":[250.4851247],"iteration":818,"passed_time":1.275573862,"remaining_time":0.281903381},
{"learn":[250.4696419],"iteration":819,"passed_time":1.277112685,"remaining_time":0.2803418089},
{"learn":[250.4352798],"iteration":820,"passed_time":1.278707716,"remaining_time":0.2787925471},
{"learn":[250.4109994],"iteration":821,"passed_time":1.280108124,"remaining_time":0.2772010292},
{"learn":[250.3937548],"iteration":822,"passed_time":1.281948653,"remaining_time":0.2757046313},
{"learn":[250.3751564],"iteration":823,"passed_time":1.28384039,"remaining_time":0.2742183358},
{"learn":[250.3419493],"iteration":824,"passed_time":1.285421797,"remaining_time":0.2726652296},
{"learn":[250.31738],"iteration":825,"passed_time":1.286948661,"remaining_time":0.2711005655},
{"learn":[250.2941489],"iteration":826,"passed_time":1.288459443,"remaining_time":0.2695326284},
{"learn":[250.2524363],"iteration":827,"passed_time":1.290146807,"remaining_time":0.2680015106},
{"learn":[250.2384215],"iteration":828,"passed_time":1.291862087,"remaining_time":0.2664757743},
{"learn":[250.2156421],"iteration":829,"passed_time":1.293318744,"remaining_time":0.2648966103},
{"learn":[250.195755],"iteration":830,"passed_time":1.294950192,"remaining_time":0.2633532881},
{"learn":[250.1794936],"iteration":831,"passed_time":1.29653039,"remaining_time":0.2617994056},
{"learn":[250.1605568],"iteration":832,"passed_time":1.298240962,"remaining_time":0.2602715973},
{"learn":[250.14379],"iteration":833,"passed_time":1.299706785,"remaining_time":0.2586946359},
{"learn":[250.1334378],"iteration":834,"passed_time":1.301229983,"remaining_time":0.2571292781},
{"learn":[250.1170746],"iteration":835,"passed_time":1.302686432,"remaining_time":0.2555509268},
{"learn":[250.0922363],"iteration":836,"passed_time":1.304315338,"remaining_time":0.2540064517},
{"learn":[250.0818307],"iteration":837,"passed_time":1.30575387,"remaining_time":0.2524249725},
{"learn":[250.0450605],"iteration":838,"passed_time":1.307395901,"remaining_time":0.2508828844},
{"learn":[250.03037],"iteration":839,"passed_time":1.308948682,"remaining_time":0.2493235585},
{"learn":[250.0065073],"iteration":840,"passed_time":1.31051713,"remaining_time":0.2477672101},
{"learn":[249.9802472],"iteration":841,"passed_time":1.312113244,"remaining_time":0.2462160245},
{"learn":[249.9705474],"iteration":842,"passed_time":1.313449902,"remaining_time":0.2446164112},
{"learn":[249.9606974],"iteration":843,"passed_time":1.315191599,"remaining_time":0.2430922861},
{"learn":[249.9436632],"iteration":844,"passed_time":1.316538382,"remaining_time":0.2414952061},
{"learn":[249.9179318],"iteration":845,"passed_time":1.31833487,"remaining_time":0.2399805791},
{"learn":[249.9048963],"iteration":846,"passed_time":1.319810568,"remaining_time":0.23840734},
{"learn":[249.8694837],"iteration":847,"passed_time":1.321345183,"remaining_time":0.2368448913},
{"learn":[249.8574494],"iteration":848,"passed_time":1.322973422,"remaining_time":0.2352991599},
{"learn":[249.8370775],"iteration":849,"passed_time":1.324506329,"remaining_time":0.233736411},
{"learn":[249.8295637],"iteration":850,"passed_time":1.325978111,"remaining_time":0.2321630299},
{"learn":[249.8151573],"iteration":851,"passed_time":1.327527559,"remaining_time":0.2306033787},
{"learn":[249.7795412],"iteration":852,"passed_time":1.329043049,"remaining_time":0.2290378993},
{"learn":[249.7335939],"iteration":853,"passed_time":1.330694246,"remaining_time":0.2274957376},
{"learn":[249.7024037],"iteration":854,"passed_time":1.332498984,"remaining_time":0.2259793599},
{"learn":[249.6833296],"iteration":855,"passed_time":1.333989016,"remaining_time":0.2244093671},
{"learn":[249.6537884],"iteration":856,"passed_time":1.33558563,"remaining_time":0.2228573455},
{"learn":[249.6146012],"iteration":857,"passed_time":1.337035704,"remaining_time":0.2212809673},
{"learn":[249.5648965],"iteration":858,"passed_time":1.338851483,"remaining_time":0.2197649117},
{"learn":[249.5380389],"iteration":859,"passed_time":1.340406681,"remaining_time":0.2182057388},
{"learn":[249.5175381],"iteration":860,"passed_time":1.34206442,"remaining_time":0.2166631294},
{"learn":[249.5031786],"iteration":861,"passed_time":1.343547494,"remaining_time":0.2150922902},
{"learn":[249.4817012],"iteration":862,"passed_time":1.345155067,"remaining_time":0.2135414185},
{"learn":[249.4632194],"iteration":863,"passed_time":1.34670539,"remaining_time":0.2119814039},
{"learn":[249.4317488],"iteration":864,"passed_time":1.348244504,"remaining_time":0.2104196625},
{"learn":[249.4218466],"iteration":865,"passed_time":1.349895202,"remaining_time":0.2088752391},
{"learn":[249.4098911],"iteration":866,"passed_time":1.351394608,"remaining_time":0.2073073621},
{"learn":[249.3861211],"iteration":867,"passed_time":1.352863974,"remaining_time":0.2057350743},
{"learn":[249.3579003],"iteration":868,"passed_time":1.354509838,"remaining_time":0.2041896303},
{"learn":[249.3411123],"iteration":869,"passed_time":1.356078494,"remaining_time":0.2026324187},
{"learn":[249.3298746],"iteration":870,"passed_time":1.357583734,"remaining_time":0.2010657884},
{"learn":[249.3123336],"iteration":871,"passed_time":1.359039349,"remaining_time":0.1994920146},
{"learn":[249.300352],"iteration":872,"passed_time":1.360630047,"remaining_time":0.1979381626},
{"learn":[249.2711792],"iteration":873,"passed_time":1.362177579,"remaining_time":0.1963780033},
{"learn":[249.2456568],"iteration":874,"passed_time":1.363922692,"remaining_time":0.1948460989},
{"learn":[249.1927908],"iteration":875,"passed_time":1.365380849,"remaining_time":0.1932730882},
{"learn":[249.1586162],"iteration":876,"passed_time":1.367151046,"remaining_time":0.1917441033},
{"learn":[249.1403872],"iteration":877,"passed_time":1.368831409,"remaining_time":0.1902020865},
{"learn":[249.1210714],"iteration":878,"passed_time":1.370387316,"remaining_time":0.1886426225},
{"learn":[249.1093089],"iteration":879,"passed_time":1.371773223,"remaining_time":0.187059985},
{"learn":[249.0935374],"iteration":880,"passed_time":1.373343713,"remaining_time":0.1855027262},
{"learn":[249.0874134],"iteration":881,"passed_time":1.374853286,"remaining_time":0.1839372877},
{"learn":[249.0526558],"iteration":882,"passed_time":1.376351776,"remaining_time":0.1823705071},
{"learn":[249.0272558],"iteration":883,"passed_time":1.377889891,"remaining_time":0.1808090807},
{"learn":[249.0100162],"iteration":884,"passed_time":1.379701171,"remaining_time":0.1792832029},
{"learn":[248.9935822],"iteration":885,"passed_time":1.381425201,"remaining_time":0.1777454547},
{"learn":[248.9773987],"iteration":886,"passed_time":1.383093481,"remaining_time":0.1762001842},
{"learn":[248.9665933],"iteration":887,"passed_time":1.384582888,"remaining_time":0.174632076},
{"learn":[248.9541605],"iteration":888,"passed_time":1.38602792,"remaining_time":0.1730586042},
{"learn":[248.9438805],"iteration":889,"passed_time":1.387511744,"remaining_time":0.1714902155},
{"learn":[248.9233602],"iteration":890,"passed_time":1.388944359,"remaining_time":0.1699157521},
{"learn":[248.8871937],"iteration":891,"passed_time":1.390523474,"remaining_time":0.1683593443},
{"learn":[248.8744138],"iteration":892,"passed_time":1.392308462,"remaining_time":0.1668275537},
{"learn":[248.8501103],"iteration":893,"passed_time":1.393976784,"remaining_time":0.1652813637},
{"learn":[248.8165429],"iteration":894,"passed_time":1.395615731,"remaining_time":0.1637314545},
{"learn":[248.799394],"iteration":895,"passed_time":1.397393845,"remaining_time":0.1621974998},
{"learn":[248.7686484],"iteration":896,"passed_time":1.399020584,"remaining_time":0.1606456189},
{"learn":[248.7549927],"iteration":897,"passed_time":1.400592157,"remaining_time":0.1590873051},
{"learn":[248.7302061],"iteration":898,"passed_time":1.401961398,"remaining_time":0.1575062304},
{"learn":[248.7196677],"iteration":899,"passed_time":1.403402138,"remaining_time":0.1559335709},
{"learn":[248.70654],"iteration":900,"passed_time":1.404931545,"remaining_time":0.1543709466},
{"learn":[248.6780974],"iteration":901,"passed_time":1.406422826,"remaining_time":0.1528042539},
{"learn":[248.6650109],"iteration":902,"passed_time":1.408003774,"remaining_time":0.15124736},
{"learn":[248.6556633],"iteration":903,"passed_time":1.409431306,"remaining_time":0.149674121},
{"learn":[248.635082],"iteration":904,"passed_time":1.410995963,"remaining_time":0.1481155983},
{"learn":[248.5968418],"iteration":905,"passed_time":1.412787742,"remaining_time":0.1465806267},
{"learn":[248.5837057],"iteration":906,"passed_time":1.414379024,"remaining_time":0.1450245305},
{"learn":[248.577197],"iteration":907,"passed_time":1.41613222,"remaining_time":0.1434847624},
{"learn":[248.5703082],"iteration":908,"passed_time":1.417954291,"remaining_time":0.1419514197},
{"learn":[248.5590781],"iteration":909,"passed_time":1.41970153,"remaining_time":0.1404100414},
{"learn":[248.5456721],"iteration":910,"passed_time":1.421480768,"remaining_time":0.1388713374},
{"learn":[248.5267094],"iteration":911,"passed_time":1.423254006,"remaining_time":0.1373315269},
{"learn":[248.4997043],"iteration":912,"passed_time":1.425117411,"remaining_time":0.1357997971},
{"learn":[248.4848592],"iteration":913,"passed_time":1.427025731,"remaining_time":0.1342715677},
{"learn":[248.4562181],"iteration":914,"passed_time":1.429166134,"remaining_time":0.1327640671},
{"learn":[248.4500957],"iteration":915,"passed_time":1.430959372,"remaining_time":0.1312233485},
{"learn":[248.3922302],"iteration":916,"passed_time":1.432723902,"remaining_time":0.1296794807},
{"learn":[248.3471763],"iteration":917,"passed_time":1.434719305,"remaining_time":0.1281557549},
{"learn":[248.3318332],"iteration":918,"passed_time":1.436565335,"remaining_time":0.1266178369},
{"learn":[248.3199825],"iteration":919,"passed_time":1.438551655,"remaining_time":0.1250914482},
{"learn":[248.2600743],"iteration":920,"passed_time":1.440360059,"remaining_time":0.1235487999},
{"learn":[248.2508362],"iteration":921,"passed_time":1.441966299,"remaining_time":0.1219884721},
{"learn":[248.2344676],"iteration":922,"passed_time":1.443715579,"remaining_time":0.1204399779},
{"learn":[248.2219921],"iteration":923,"passed_time":1.445673232,"remaining_time":0.1189081879},
{"learn":[248.2058799],"iteration":924,"passed_time":1.447584761,"remaining_time":0.1173717374},
{"learn":[248.1853495],"iteration":925,"passed_time":1.449529248,"remaining_time":0.1158371106},
{"learn":[248.172446],"iteration":926,"passed_time":1.451230362,"remaining_time":0.1142824341},
{"learn":[248.1425576],"iteration":927,"passed_time":1.4529911,"remaining_time":0.1127320681},
{"learn":[248.1328825],"iteration":928,"passed_time":1.454377883,"remaining_time":0.1111526692},
{"learn":[248.073211],"iteration":929,"passed_time":1.455916414,"remaining_time":0.1095851065},
{"learn":[248.057592],"iteration":930,"passed_time":1.457472487,"remaining_time":0.1080189062},
{"learn":[248.0470011],"iteration":931,"passed_time":1.458976436,"remaining_time":0.1064489245},
{"learn":[248.0208747],"iteration":932,"passed_time":1.460544217,"remaining_time":0.1048836683},
{"learn":[248.0075677],"iteration":933,"passed_time":1.462228414,"remaining_time":0.1033266331},
{"learn":[247.9796695],"iteration":934,"passed_time":1.463834403,"remaining_time":0.101763889},
{"learn":[247.9679896],"iteration":935,"passed_time":1.465324727,"remaining_time":0.1001931437},
{"learn":[247.9501623],"iteration":936,"passed_time":1.466760551,"remaining_time":0.09861890575},
{"learn":[247.9261333],"iteration":937,"passed_time":1.468349498,"remaining_time":0.09705508412},
{"learn":[247.9178617],"iteration":938,"passed_time":1.469782364,"remaining_time":0.09548106944},
{"learn":[247.8946161],"iteration":939,"passed_time":1.471332937,"remaining_time":0.09391486832},
{"learn":[247.872841],"iteration":940,"passed_time":1.472853052,"remaining_time":0.09234679071},
{"learn":[247.8585402],"iteration":941,"passed_time":1.474597915,"remaining_time":0.09079265296},
{"learn":[247.8449483],"iteration":942,"passed_time":1.476166822,"remaining_time":0.0892274749},
{"learn":[247.8131167],"iteration":943,"passed_time":1.477741561,"remaining_time":0.08766263498},
{"learn":[247.7952476],"iteration":944,"passed_time":1.479746548,"remaining_time":0.08612281495},
{"learn":[247.7602661],"iteration":945,"passed_time":1.481495869,"remaining_time":0.0845674175},
{"learn":[247.7507548],"iteration":946,"passed_time":1.483164275,"remaining_time":0.08300708192},
{"learn":[247.7291628],"iteration":947,"passed_time":1.48464589,"remaining_time":0.08143627246},
{"learn":[247.7181009],"iteration":948,"passed_time":1.486322421,"remaining_time":0.07987612588},
{"learn":[247.6989899],"iteration":949,"passed_time":1.488063034,"remaining_time":0.07831910706},
{"learn":[247.6786808],"iteration":950,"passed_time":1.489553066,"remaining_time":0.07674879099},
{"learn":[247.6644236],"iteration":951,"passed_time":1.491089431,"remaining_time":0.0751809797},
{"learn":[247.6456968],"iteration":952,"passed_time":1.492563129,"remaining_time":0.07361014384},
{"learn":[247.633908],"iteration":953,"passed_time":1.494031745,"remaining_time":0.07203926651},
{"learn":[247.605481],"iteration":954,"passed_time":1.495672442,"remaining_time":0.07047671193},
{"learn":[247.5945576],"iteration":955,"passed_time":1.497205807,"remaining_time":0.06890905387},
{"learn":[247.5797004],"iteration":956,"passed_time":1.498800421,"remaining_time":0.06734421955},
{"learn":[247.5298228],"iteration":957,"passed_time":1.500256662,"remaining_time":0.06577325656},
{"learn":[247.517125],"iteration":958,"passed_time":1.501863318,"remaining_time":0.06420896352},
{"learn":[247.5002644],"iteration":959,"passed_time":1.503594639,"remaining_time":0.06264977664},
{"learn":[247.4868461],"iteration":960,"passed_time":1.505010672,"remaining_time":0.06107743621},
{"learn":[247.4719513],"iteration":961,"passed_time":1.506325705,"remaining_time":0.05950143116},
{"learn":[247.4592059],"iteration":962,"passed_time":1.507928986,"remaining_time":0.05793704306},
{"learn":[247.4500287],"iteration":963,"passed_time":1.509242269,"remaining_time":0.05636174447},
{"learn":[247.4444779],"iteration":964,"passed_time":1.510652009,"remaining_time":0.05479048738},
{"learn":[247.4249946],"iteration":965,"passed_time":1.512407664,"remaining_time":0.05323173973},
{"learn":[247.4064227],"iteration":966,"passed_time":1.513889696,"remaining_time":0.05166324712},
{"learn":[247.3942386],"iteration":967,"passed_time":1.515358061,"remaining_time":0.05009448136},
{"learn":[247.3729275],"iteration":968,"passed_time":1.516941301,"remaining_time":0.04852959786},
{"learn":[247.3534157],"iteration":969,"passed_time":1.518477457,"remaining_time":0.04696322033},
{"learn":[247.3155786],"iteration":970,"passed_time":1.520097613,"remaining_time":0.04539941378},
{"learn":[247.3062491],"iteration":971,"passed_time":1.521545312,"remaining_time":0.04383052339},
{"learn":[247.2823189],"iteration":972,"passed_time":1.52310926,"remaining_time":0.04226510793},
{"learn":[247.2668505],"iteration":973,"passed_time":1.524687999,"remaining_time":0.04070009033},
{"learn":[247.2492889],"iteration":974,"passed_time":1.526208073,"remaining_time":0.03913354032},
{"learn":[247.2318998],"iteration":975,"passed_time":1.527689771,"remaining_time":0.03756614191},
{"learn":[247.218959],"iteration":976,"passed_time":1.529230844,"remaining_time":0.0360003167},
{"learn":[247.1965365],"iteration":977,"passed_time":1.530669418,"remaining_time":0.03443223639},
{"learn":[247.1746036],"iteration":978,"passed_time":1.532103575,"remaining_time":0.03286432592},
{"learn":[247.1480519],"iteration":979,"passed_time":1.533593357,"remaining_time":0.03129782361},
{"learn":[247.1274769],"iteration":980,"passed_time":1.535114013,"remaining_time":0.02973207569},
{"learn":[247.0835584],"iteration":981,"passed_time":1.536620045,"remaining_time":0.02816615154},
{"learn":[247.049915],"iteration":982,"passed_time":1.538176785,"remaining_time":0.02660122619},
{"learn":[247.0263637],"iteration":983,"passed_time":1.53981744,"remaining_time":0.02503768196},
{"learn":[247.0115887],"iteration":984,"passed_time":1.541436388,"remaining_time":0.02347365058},
{"learn":[247.0037885],"iteration":985,"passed_time":1.542966045,"remaining_time":0.02190823998},
{"learn":[246.9888535],"iteration":986,"passed_time":1.544690575,"remaining_time":0.02034546856},
{"learn":[246.9723349],"iteration":987,"passed_time":1.546115565,"remaining_time":0.01877873156},
{"learn":[246.9618238],"iteration":988,"passed_time":1.547795263,"remaining_time":0.01721511414},
{"learn":[246.943828],"iteration":989,"passed_time":1.549397669,"remaining_time":0.0156504815},
{"learn":[246.9299355],"iteration":990,"passed_time":1.550835617,"remaining_time":0.01408427907},
{"learn":[246.9014932],"iteration":991,"passed_time":1.552375149,"remaining_time":0.01251915443},
{"learn":[246.8876655],"iteration":992,"passed_time":1.554021554,"remaining_time":0.01095483472},
{"learn":[246.87245],"iteration":993,"passed_time":1.555427753,"remaining_time":0.00938889992},
{"learn":[246.853631],"iteration":994,"passed_time":1.557160784,"remaining_time":0.007824928561},
{"learn":[246.8441777],"iteration":995,"passed_time":1.558636691,"remaining_time":0.006259585102},
{"learn":[246.801629],"iteration":996,"passed_time":1.560080889,"remaining_time":0.004694325645},
{"learn":[246.790879],"iteration":997,"passed_time":1.56167692,"remaining_time":0.003129613067},
{"learn":[246.7874639],"iteration":998,"passed_time":1.56320616,"remaining_time":0.001564770931},
{"learn":[246.7720416],"iteration":999,"passed_time":1.564691109,"remaining_time":0}
]}